2026-05-04 19:18:20.100351: E external/local_xla/xla/stream_executor/cuda/cuda_fft.cc:467] Unable to register cuFFT factory: Attempting to register factory for plugin cuFFT when one has already been registered
WARNING: All log messages before absl::InitializeLog() is called are written to STDERR
E0000 00:00:1777936700.548262 2562028 cuda_dnn.cc:8579] Unable to register cuDNN factory: Attempting to register factory for plugin cuDNN when one has already been registered
E0000 00:00:1777936700.807143 2562028 cuda_blas.cc:1407] Unable to register cuBLAS factory: Attempting to register factory for plugin cuBLAS when one has already been registered
W0000 00:00:1777936701.349207 2562028 computation_placer.cc:177] computation placer already registered. Please check linkage and avoid linking the same target more than once.
W0000 00:00:1777936701.349540 2562028 computation_placer.cc:177] computation placer already registered. Please check linkage and avoid linking the same target more than once.
W0000 00:00:1777936701.349553 2562028 computation_placer.cc:177] computation placer already registered. Please check linkage and avoid linking the same target more than once.
W0000 00:00:1777936701.349565 2562028 computation_placer.cc:177] computation placer already registered. Please check linkage and avoid linking the same target more than once.
2026-05-04 19:20:16.126785: W tensorflow/core/common_runtime/gpu/gpu_bfc_allocator.cc:47] Overriding orig_value setting because the TF_FORCE_GPU_ALLOW_GROWTH environment variable is set. Original config value was 0.
I0000 00:00:1777936816.126853 2562028 gpu_process_state.cc:208] Using CUDA malloc Async allocator for GPU: 0
I0000 00:00:1777936816.131565 2562028 gpu_device.cc:2019] Created device /job:localhost/replica:0/task:0/device:GPU:0 with 38484 MB memory:  -> device: 0, name: NVIDIA A100-SXM4-40GB, pci bus id: 0000:41:00.0, compute capability: 8.0
WARNING: All log messages before absl::InitializeLog() is called are written to STDERR
I0000 00:00:1777936833.624510 2562028 cuda_solvers.cc:175] Creating GpuSolver handles for stream 0x8a7f530
I0000 00:00:1777936878.356839 2562028 cuda_dnn.cc:529] Loaded cuDNN version 91000
2026-05-04 19:22:03.891035: W tensorflow/core/framework/op_kernel.cc:1857] OP_REQUIRES failed at transpose_op.cc:142 : INVALID_ARGUMENT: transpose expects a vector of size 0. But input(1) is a vector of size 7
2026-05-04 19:22:04.420716: W tensorflow/core/framework/op_kernel.cc:1857] OP_REQUIRES failed at transpose_op.cc:142 : INVALID_ARGUMENT: transpose expects a vector of size 0. But input(1) is a vector of size 7
2026-05-04 19:22:04.948953: W tensorflow/core/framework/op_kernel.cc:1857] OP_REQUIRES failed at transpose_op.cc:142 : INVALID_ARGUMENT: transpose expects a vector of size 0. But input(1) is a vector of size 7
2026-05-04 19:22:05.477652: W tensorflow/core/framework/op_kernel.cc:1857] OP_REQUIRES failed at transpose_op.cc:142 : INVALID_ARGUMENT: transpose expects a vector of size 0. But input(1) is a vector of size 7
2026-05-04 19:22:06.004613: W tensorflow/core/framework/op_kernel.cc:1857] OP_REQUIRES failed at transpose_op.cc:142 : INVALID_ARGUMENT: transpose expects a vector of size 0. But input(1) is a vector of size 7
2026-05-04 19:22:06.533919: W tensorflow/core/framework/op_kernel.cc:1857] OP_REQUIRES failed at transpose_op.cc:142 : INVALID_ARGUMENT: transpose expects a vector of size 0. But input(1) is a vector of size 7
2026-05-04 19:22:07.068207: W tensorflow/core/framework/op_kernel.cc:1857] OP_REQUIRES failed at transpose_op.cc:142 : INVALID_ARGUMENT: transpose expects a vector of size 0. But input(1) is a vector of size 7
2026-05-04 19:22:07.599887: W tensorflow/core/framework/op_kernel.cc:1857] OP_REQUIRES failed at transpose_op.cc:142 : INVALID_ARGUMENT: transpose expects a vector of size 0. But input(1) is a vector of size 7
2026-05-04 19:22:08.127974: W tensorflow/core/framework/op_kernel.cc:1857] OP_REQUIRES failed at transpose_op.cc:142 : INVALID_ARGUMENT: transpose expects a vector of size 0. But input(1) is a vector of size 7
2026-05-04 19:22:08.659132: W tensorflow/core/framework/op_kernel.cc:1857] OP_REQUIRES failed at transpose_op.cc:142 : INVALID_ARGUMENT: transpose expects a vector of size 0. But input(1) is a vector of size 7
2026-05-04 19:22:09.194853: W tensorflow/core/framework/op_kernel.cc:1857] OP_REQUIRES failed at transpose_op.cc:142 : INVALID_ARGUMENT: transpose expects a vector of size 0. But input(1) is a vector of size 7
2026-05-04 19:22:09.729127: W tensorflow/core/framework/op_kernel.cc:1857] OP_REQUIRES failed at transpose_op.cc:142 : INVALID_ARGUMENT: transpose expects a vector of size 0. But input(1) is a vector of size 7
2026-05-04 19:22:10.261451: W tensorflow/core/framework/op_kernel.cc:1857] OP_REQUIRES failed at transpose_op.cc:142 : INVALID_ARGUMENT: transpose expects a vector of size 0. But input(1) is a vector of size 7
2026-05-04 19:22:10.792461: W tensorflow/core/framework/op_kernel.cc:1857] OP_REQUIRES failed at transpose_op.cc:142 : INVALID_ARGUMENT: transpose expects a vector of size 0. But input(1) is a vector of size 7
2026-05-04 19:22:11.322705: W tensorflow/core/framework/op_kernel.cc:1857] OP_REQUIRES failed at transpose_op.cc:142 : INVALID_ARGUMENT: transpose expects a vector of size 0. But input(1) is a vector of size 7
2026-05-04 19:22:11.853486: W tensorflow/core/framework/op_kernel.cc:1857] OP_REQUIRES failed at transpose_op.cc:142 : INVALID_ARGUMENT: transpose expects a vector of size 0. But input(1) is a vector of size 7
2026-05-04 19:22:12.390128: W tensorflow/core/framework/op_kernel.cc:1857] OP_REQUIRES failed at transpose_op.cc:142 : INVALID_ARGUMENT: transpose expects a vector of size 0. But input(1) is a vector of size 7
2026-05-04 19:22:12.918104: W tensorflow/core/framework/op_kernel.cc:1857] OP_REQUIRES failed at transpose_op.cc:142 : INVALID_ARGUMENT: transpose expects a vector of size 0. But input(1) is a vector of size 7
2026-05-04 19:22:13.453530: W tensorflow/core/framework/op_kernel.cc:1857] OP_REQUIRES failed at transpose_op.cc:142 : INVALID_ARGUMENT: transpose expects a vector of size 0. But input(1) is a vector of size 7
2026-05-04 19:22:13.986418: W tensorflow/core/framework/op_kernel.cc:1857] OP_REQUIRES failed at transpose_op.cc:142 : INVALID_ARGUMENT: transpose expects a vector of size 0. But input(1) is a vector of size 7
2026-05-04 19:22:14.518483: W tensorflow/core/framework/op_kernel.cc:1857] OP_REQUIRES failed at transpose_op.cc:142 : INVALID_ARGUMENT: transpose expects a vector of size 0. But input(1) is a vector of size 7
2026-05-04 19:22:15.048476: W tensorflow/core/framework/op_kernel.cc:1857] OP_REQUIRES failed at transpose_op.cc:142 : INVALID_ARGUMENT: transpose expects a vector of size 0. But input(1) is a vector of size 7
2026-05-04 19:22:15.581414: W tensorflow/core/framework/op_kernel.cc:1857] OP_REQUIRES failed at transpose_op.cc:142 : INVALID_ARGUMENT: transpose expects a vector of size 0. But input(1) is a vector of size 7
2026-05-04 19:22:16.113494: W tensorflow/core/framework/op_kernel.cc:1857] OP_REQUIRES failed at transpose_op.cc:142 : INVALID_ARGUMENT: transpose expects a vector of size 0. But input(1) is a vector of size 7
2026-05-04 19:22:16.644250: W tensorflow/core/framework/op_kernel.cc:1857] OP_REQUIRES failed at transpose_op.cc:142 : INVALID_ARGUMENT: transpose expects a vector of size 0. But input(1) is a vector of size 7
2026-05-04 19:22:17.170112: W tensorflow/core/framework/op_kernel.cc:1857] OP_REQUIRES failed at transpose_op.cc:142 : INVALID_ARGUMENT: transpose expects a vector of size 0. But input(1) is a vector of size 7
2026-05-04 19:22:17.697367: W tensorflow/core/framework/op_kernel.cc:1857] OP_REQUIRES failed at transpose_op.cc:142 : INVALID_ARGUMENT: transpose expects a vector of size 0. But input(1) is a vector of size 7
2026-05-04 19:22:18.227472: W tensorflow/core/framework/op_kernel.cc:1857] OP_REQUIRES failed at transpose_op.cc:142 : INVALID_ARGUMENT: transpose expects a vector of size 0. But input(1) is a vector of size 7
2026-05-04 19:22:18.759421: W tensorflow/core/framework/op_kernel.cc:1857] OP_REQUIRES failed at transpose_op.cc:142 : INVALID_ARGUMENT: transpose expects a vector of size 0. But input(1) is a vector of size 7
2026-05-04 19:22:19.286628: W tensorflow/core/framework/op_kernel.cc:1857] OP_REQUIRES failed at transpose_op.cc:142 : INVALID_ARGUMENT: transpose expects a vector of size 0. But input(1) is a vector of size 7
2026-05-04 19:22:19.810605: W tensorflow/core/framework/op_kernel.cc:1857] OP_REQUIRES failed at transpose_op.cc:142 : INVALID_ARGUMENT: transpose expects a vector of size 0. But input(1) is a vector of size 7
2026-05-04 19:22:20.334727: W tensorflow/core/framework/op_kernel.cc:1857] OP_REQUIRES failed at transpose_op.cc:142 : INVALID_ARGUMENT: transpose expects a vector of size 0. But input(1) is a vector of size 7
2026-05-04 19:23:45.174585: W tensorflow/core/framework/op_kernel.cc:1857] OP_REQUIRES failed at transpose_op.cc:142 : INVALID_ARGUMENT: transpose expects a vector of size 0. But input(1) is a vector of size 7
2026-05-04 19:23:45.704418: W tensorflow/core/framework/op_kernel.cc:1857] OP_REQUIRES failed at transpose_op.cc:142 : INVALID_ARGUMENT: transpose expects a vector of size 0. But input(1) is a vector of size 7
2026-05-04 19:23:46.238931: W tensorflow/core/framework/op_kernel.cc:1857] OP_REQUIRES failed at transpose_op.cc:142 : INVALID_ARGUMENT: transpose expects a vector of size 0. But input(1) is a vector of size 7
2026-05-04 19:23:46.770795: W tensorflow/core/framework/op_kernel.cc:1857] OP_REQUIRES failed at transpose_op.cc:142 : INVALID_ARGUMENT: transpose expects a vector of size 0. But input(1) is a vector of size 7
2026-05-04 19:23:47.307046: W tensorflow/core/framework/op_kernel.cc:1857] OP_REQUIRES failed at transpose_op.cc:142 : INVALID_ARGUMENT: transpose expects a vector of size 0. But input(1) is a vector of size 7
2026-05-04 19:23:47.838334: W tensorflow/core/framework/op_kernel.cc:1857] OP_REQUIRES failed at transpose_op.cc:142 : INVALID_ARGUMENT: transpose expects a vector of size 0. But input(1) is a vector of size 7
2026-05-04 19:23:48.371960: W tensorflow/core/framework/op_kernel.cc:1857] OP_REQUIRES failed at transpose_op.cc:142 : INVALID_ARGUMENT: transpose expects a vector of size 0. But input(1) is a vector of size 7
2026-05-04 19:23:48.903330: W tensorflow/core/framework/op_kernel.cc:1857] OP_REQUIRES failed at transpose_op.cc:142 : INVALID_ARGUMENT: transpose expects a vector of size 0. But input(1) is a vector of size 7
2026-05-04 19:23:49.435123: W tensorflow/core/framework/op_kernel.cc:1857] OP_REQUIRES failed at transpose_op.cc:142 : INVALID_ARGUMENT: transpose expects a vector of size 0. But input(1) is a vector of size 7
2026-05-04 19:23:49.966358: W tensorflow/core/framework/op_kernel.cc:1857] OP_REQUIRES failed at transpose_op.cc:142 : INVALID_ARGUMENT: transpose expects a vector of size 0. But input(1) is a vector of size 7
2026-05-04 19:23:50.496751: W tensorflow/core/framework/op_kernel.cc:1857] OP_REQUIRES failed at transpose_op.cc:142 : INVALID_ARGUMENT: transpose expects a vector of size 0. But input(1) is a vector of size 7
2026-05-04 19:23:51.029229: W tensorflow/core/framework/op_kernel.cc:1857] OP_REQUIRES failed at transpose_op.cc:142 : INVALID_ARGUMENT: transpose expects a vector of size 0. But input(1) is a vector of size 7
2026-05-04 19:23:51.560713: W tensorflow/core/framework/op_kernel.cc:1857] OP_REQUIRES failed at transpose_op.cc:142 : INVALID_ARGUMENT: transpose expects a vector of size 0. But input(1) is a vector of size 7
2026-05-04 19:23:52.091040: W tensorflow/core/framework/op_kernel.cc:1857] OP_REQUIRES failed at transpose_op.cc:142 : INVALID_ARGUMENT: transpose expects a vector of size 0. But input(1) is a vector of size 7
2026-05-04 19:23:52.620459: W tensorflow/core/framework/op_kernel.cc:1857] OP_REQUIRES failed at transpose_op.cc:142 : INVALID_ARGUMENT: transpose expects a vector of size 0. But input(1) is a vector of size 7
2026-05-04 19:23:53.152051: W tensorflow/core/framework/op_kernel.cc:1857] OP_REQUIRES failed at transpose_op.cc:142 : INVALID_ARGUMENT: transpose expects a vector of size 0. But input(1) is a vector of size 7
2026-05-04 19:23:53.682380: W tensorflow/core/framework/op_kernel.cc:1857] OP_REQUIRES failed at transpose_op.cc:142 : INVALID_ARGUMENT: transpose expects a vector of size 0. But input(1) is a vector of size 7
2026-05-04 19:23:54.207339: W tensorflow/core/framework/op_kernel.cc:1857] OP_REQUIRES failed at transpose_op.cc:142 : INVALID_ARGUMENT: transpose expects a vector of size 0. But input(1) is a vector of size 7
2026-05-04 19:23:54.732081: W tensorflow/core/framework/op_kernel.cc:1857] OP_REQUIRES failed at transpose_op.cc:142 : INVALID_ARGUMENT: transpose expects a vector of size 0. But input(1) is a vector of size 7
2026-05-04 19:23:55.264546: W tensorflow/core/framework/op_kernel.cc:1857] OP_REQUIRES failed at transpose_op.cc:142 : INVALID_ARGUMENT: transpose expects a vector of size 0. But input(1) is a vector of size 7
2026-05-04 19:23:55.796640: W tensorflow/core/framework/op_kernel.cc:1857] OP_REQUIRES failed at transpose_op.cc:142 : INVALID_ARGUMENT: transpose expects a vector of size 0. But input(1) is a vector of size 7
2026-05-04 19:23:56.329992: W tensorflow/core/framework/op_kernel.cc:1857] OP_REQUIRES failed at transpose_op.cc:142 : INVALID_ARGUMENT: transpose expects a vector of size 0. But input(1) is a vector of size 7
2026-05-04 19:23:56.865662: W tensorflow/core/framework/op_kernel.cc:1857] OP_REQUIRES failed at transpose_op.cc:142 : INVALID_ARGUMENT: transpose expects a vector of size 0. But input(1) is a vector of size 7
2026-05-04 19:23:57.399681: W tensorflow/core/framework/op_kernel.cc:1857] OP_REQUIRES failed at transpose_op.cc:142 : INVALID_ARGUMENT: transpose expects a vector of size 0. But input(1) is a vector of size 7
2026-05-04 19:23:57.932300: W tensorflow/core/framework/op_kernel.cc:1857] OP_REQUIRES failed at transpose_op.cc:142 : INVALID_ARGUMENT: transpose expects a vector of size 0. But input(1) is a vector of size 7
2026-05-04 19:23:58.461171: W tensorflow/core/framework/op_kernel.cc:1857] OP_REQUIRES failed at transpose_op.cc:142 : INVALID_ARGUMENT: transpose expects a vector of size 0. But input(1) is a vector of size 7
2026-05-04 19:23:58.989032: W tensorflow/core/framework/op_kernel.cc:1857] OP_REQUIRES failed at transpose_op.cc:142 : INVALID_ARGUMENT: transpose expects a vector of size 0. But input(1) is a vector of size 7
2026-05-04 19:23:59.515350: W tensorflow/core/framework/op_kernel.cc:1857] OP_REQUIRES failed at transpose_op.cc:142 : INVALID_ARGUMENT: transpose expects a vector of size 0. But input(1) is a vector of size 7
2026-05-04 19:24:00.047694: W tensorflow/core/framework/op_kernel.cc:1857] OP_REQUIRES failed at transpose_op.cc:142 : INVALID_ARGUMENT: transpose expects a vector of size 0. But input(1) is a vector of size 7
2026-05-04 19:24:00.582708: W tensorflow/core/framework/op_kernel.cc:1857] OP_REQUIRES failed at transpose_op.cc:142 : INVALID_ARGUMENT: transpose expects a vector of size 0. But input(1) is a vector of size 7
2026-05-04 19:24:01.115413: W tensorflow/core/framework/op_kernel.cc:1857] OP_REQUIRES failed at transpose_op.cc:142 : INVALID_ARGUMENT: transpose expects a vector of size 0. But input(1) is a vector of size 7
2026-05-04 19:24:01.649453: W tensorflow/core/framework/op_kernel.cc:1857] OP_REQUIRES failed at transpose_op.cc:142 : INVALID_ARGUMENT: transpose expects a vector of size 0. But input(1) is a vector of size 7
2026-05-04 19:25:26.456037: W tensorflow/core/framework/op_kernel.cc:1857] OP_REQUIRES failed at transpose_op.cc:142 : INVALID_ARGUMENT: transpose expects a vector of size 0. But input(1) is a vector of size 7
2026-05-04 19:25:26.991050: W tensorflow/core/framework/op_kernel.cc:1857] OP_REQUIRES failed at transpose_op.cc:142 : INVALID_ARGUMENT: transpose expects a vector of size 0. But input(1) is a vector of size 7
2026-05-04 19:25:27.525050: W tensorflow/core/framework/op_kernel.cc:1857] OP_REQUIRES failed at transpose_op.cc:142 : INVALID_ARGUMENT: transpose expects a vector of size 0. But input(1) is a vector of size 7
2026-05-04 19:25:28.059207: W tensorflow/core/framework/op_kernel.cc:1857] OP_REQUIRES failed at transpose_op.cc:142 : INVALID_ARGUMENT: transpose expects a vector of size 0. But input(1) is a vector of size 7
2026-05-04 19:25:28.595535: W tensorflow/core/framework/op_kernel.cc:1857] OP_REQUIRES failed at transpose_op.cc:142 : INVALID_ARGUMENT: transpose expects a vector of size 0. But input(1) is a vector of size 7
2026-05-04 19:25:29.133311: W tensorflow/core/framework/op_kernel.cc:1857] OP_REQUIRES failed at transpose_op.cc:142 : INVALID_ARGUMENT: transpose expects a vector of size 0. But input(1) is a vector of size 7
2026-05-04 19:25:29.667803: W tensorflow/core/framework/op_kernel.cc:1857] OP_REQUIRES failed at transpose_op.cc:142 : INVALID_ARGUMENT: transpose expects a vector of size 0. But input(1) is a vector of size 7
2026-05-04 19:25:30.202549: W tensorflow/core/framework/op_kernel.cc:1857] OP_REQUIRES failed at transpose_op.cc:142 : INVALID_ARGUMENT: transpose expects a vector of size 0. But input(1) is a vector of size 7
2026-05-04 19:25:30.740045: W tensorflow/core/framework/op_kernel.cc:1857] OP_REQUIRES failed at transpose_op.cc:142 : INVALID_ARGUMENT: transpose expects a vector of size 0. But input(1) is a vector of size 7
2026-05-04 19:25:31.274629: W tensorflow/core/framework/op_kernel.cc:1857] OP_REQUIRES failed at transpose_op.cc:142 : INVALID_ARGUMENT: transpose expects a vector of size 0. But input(1) is a vector of size 7
2026-05-04 19:25:31.807701: W tensorflow/core/framework/op_kernel.cc:1857] OP_REQUIRES failed at transpose_op.cc:142 : INVALID_ARGUMENT: transpose expects a vector of size 0. But input(1) is a vector of size 7
2026-05-04 19:25:32.341723: W tensorflow/core/framework/op_kernel.cc:1857] OP_REQUIRES failed at transpose_op.cc:142 : INVALID_ARGUMENT: transpose expects a vector of size 0. But input(1) is a vector of size 7
2026-05-04 19:25:32.874901: W tensorflow/core/framework/op_kernel.cc:1857] OP_REQUIRES failed at transpose_op.cc:142 : INVALID_ARGUMENT: transpose expects a vector of size 0. But input(1) is a vector of size 7
2026-05-04 19:25:33.410038: W tensorflow/core/framework/op_kernel.cc:1857] OP_REQUIRES failed at transpose_op.cc:142 : INVALID_ARGUMENT: transpose expects a vector of size 0. But input(1) is a vector of size 7
2026-05-04 19:25:33.944154: W tensorflow/core/framework/op_kernel.cc:1857] OP_REQUIRES failed at transpose_op.cc:142 : INVALID_ARGUMENT: transpose expects a vector of size 0. But input(1) is a vector of size 7
2026-05-04 19:25:34.476754: W tensorflow/core/framework/op_kernel.cc:1857] OP_REQUIRES failed at transpose_op.cc:142 : INVALID_ARGUMENT: transpose expects a vector of size 0. But input(1) is a vector of size 7
2026-05-04 19:25:35.008140: W tensorflow/core/framework/op_kernel.cc:1857] OP_REQUIRES failed at transpose_op.cc:142 : INVALID_ARGUMENT: transpose expects a vector of size 0. But input(1) is a vector of size 7
2026-05-04 19:25:35.541657: W tensorflow/core/framework/op_kernel.cc:1857] OP_REQUIRES failed at transpose_op.cc:142 : INVALID_ARGUMENT: transpose expects a vector of size 0. But input(1) is a vector of size 7
2026-05-04 19:25:36.074858: W tensorflow/core/framework/op_kernel.cc:1857] OP_REQUIRES failed at transpose_op.cc:142 : INVALID_ARGUMENT: transpose expects a vector of size 0. But input(1) is a vector of size 7
2026-05-04 19:25:36.608703: W tensorflow/core/framework/op_kernel.cc:1857] OP_REQUIRES failed at transpose_op.cc:142 : INVALID_ARGUMENT: transpose expects a vector of size 0. But input(1) is a vector of size 7
2026-05-04 19:25:37.140674: W tensorflow/core/framework/op_kernel.cc:1857] OP_REQUIRES failed at transpose_op.cc:142 : INVALID_ARGUMENT: transpose expects a vector of size 0. But input(1) is a vector of size 7
2026-05-04 19:25:37.667931: W tensorflow/core/framework/op_kernel.cc:1857] OP_REQUIRES failed at transpose_op.cc:142 : INVALID_ARGUMENT: transpose expects a vector of size 0. But input(1) is a vector of size 7
2026-05-04 19:25:38.196549: W tensorflow/core/framework/op_kernel.cc:1857] OP_REQUIRES failed at transpose_op.cc:142 : INVALID_ARGUMENT: transpose expects a vector of size 0. But input(1) is a vector of size 7
2026-05-04 19:25:38.733684: W tensorflow/core/framework/op_kernel.cc:1857] OP_REQUIRES failed at transpose_op.cc:142 : INVALID_ARGUMENT: transpose expects a vector of size 0. But input(1) is a vector of size 7
2026-05-04 19:25:39.270156: W tensorflow/core/framework/op_kernel.cc:1857] OP_REQUIRES failed at transpose_op.cc:142 : INVALID_ARGUMENT: transpose expects a vector of size 0. But input(1) is a vector of size 7
2026-05-04 19:25:39.803450: W tensorflow/core/framework/op_kernel.cc:1857] OP_REQUIRES failed at transpose_op.cc:142 : INVALID_ARGUMENT: transpose expects a vector of size 0. But input(1) is a vector of size 7
2026-05-04 19:25:40.336923: W tensorflow/core/framework/op_kernel.cc:1857] OP_REQUIRES failed at transpose_op.cc:142 : INVALID_ARGUMENT: transpose expects a vector of size 0. But input(1) is a vector of size 7
2026-05-04 19:25:40.869706: W tensorflow/core/framework/op_kernel.cc:1857] OP_REQUIRES failed at transpose_op.cc:142 : INVALID_ARGUMENT: transpose expects a vector of size 0. But input(1) is a vector of size 7
2026-05-04 19:25:41.406240: W tensorflow/core/framework/op_kernel.cc:1857] OP_REQUIRES failed at transpose_op.cc:142 : INVALID_ARGUMENT: transpose expects a vector of size 0. But input(1) is a vector of size 7
2026-05-04 19:25:41.943297: W tensorflow/core/framework/op_kernel.cc:1857] OP_REQUIRES failed at transpose_op.cc:142 : INVALID_ARGUMENT: transpose expects a vector of size 0. But input(1) is a vector of size 7
2026-05-04 19:25:42.473660: W tensorflow/core/framework/op_kernel.cc:1857] OP_REQUIRES failed at transpose_op.cc:142 : INVALID_ARGUMENT: transpose expects a vector of size 0. But input(1) is a vector of size 7
2026-05-04 19:25:43.004956: W tensorflow/core/framework/op_kernel.cc:1857] OP_REQUIRES failed at transpose_op.cc:142 : INVALID_ARGUMENT: transpose expects a vector of size 0. But input(1) is a vector of size 7
2026-05-04 19:27:08.128382: W tensorflow/core/framework/op_kernel.cc:1857] OP_REQUIRES failed at transpose_op.cc:142 : INVALID_ARGUMENT: transpose expects a vector of size 0. But input(1) is a vector of size 7
2026-05-04 19:27:08.663583: W tensorflow/core/framework/op_kernel.cc:1857] OP_REQUIRES failed at transpose_op.cc:142 : INVALID_ARGUMENT: transpose expects a vector of size 0. But input(1) is a vector of size 7
2026-05-04 19:27:09.198083: W tensorflow/core/framework/op_kernel.cc:1857] OP_REQUIRES failed at transpose_op.cc:142 : INVALID_ARGUMENT: transpose expects a vector of size 0. But input(1) is a vector of size 7
2026-05-04 19:27:09.731151: W tensorflow/core/framework/op_kernel.cc:1857] OP_REQUIRES failed at transpose_op.cc:142 : INVALID_ARGUMENT: transpose expects a vector of size 0. But input(1) is a vector of size 7
2026-05-04 19:27:10.263866: W tensorflow/core/framework/op_kernel.cc:1857] OP_REQUIRES failed at transpose_op.cc:142 : INVALID_ARGUMENT: transpose expects a vector of size 0. But input(1) is a vector of size 7
2026-05-04 19:27:10.795986: W tensorflow/core/framework/op_kernel.cc:1857] OP_REQUIRES failed at transpose_op.cc:142 : INVALID_ARGUMENT: transpose expects a vector of size 0. But input(1) is a vector of size 7
2026-05-04 19:27:11.325991: W tensorflow/core/framework/op_kernel.cc:1857] OP_REQUIRES failed at transpose_op.cc:142 : INVALID_ARGUMENT: transpose expects a vector of size 0. But input(1) is a vector of size 7
2026-05-04 19:27:11.857794: W tensorflow/core/framework/op_kernel.cc:1857] OP_REQUIRES failed at transpose_op.cc:142 : INVALID_ARGUMENT: transpose expects a vector of size 0. But input(1) is a vector of size 7
2026-05-04 19:27:12.387884: W tensorflow/core/framework/op_kernel.cc:1857] OP_REQUIRES failed at transpose_op.cc:142 : INVALID_ARGUMENT: transpose expects a vector of size 0. But input(1) is a vector of size 7
2026-05-04 19:27:12.917486: W tensorflow/core/framework/op_kernel.cc:1857] OP_REQUIRES failed at transpose_op.cc:142 : INVALID_ARGUMENT: transpose expects a vector of size 0. But input(1) is a vector of size 7
2026-05-04 19:27:13.449143: W tensorflow/core/framework/op_kernel.cc:1857] OP_REQUIRES failed at transpose_op.cc:142 : INVALID_ARGUMENT: transpose expects a vector of size 0. But input(1) is a vector of size 7
2026-05-04 19:27:13.986135: W tensorflow/core/framework/op_kernel.cc:1857] OP_REQUIRES failed at transpose_op.cc:142 : INVALID_ARGUMENT: transpose expects a vector of size 0. But input(1) is a vector of size 7
2026-05-04 19:27:14.520260: W tensorflow/core/framework/op_kernel.cc:1857] OP_REQUIRES failed at transpose_op.cc:142 : INVALID_ARGUMENT: transpose expects a vector of size 0. But input(1) is a vector of size 7
2026-05-04 19:27:15.054843: W tensorflow/core/framework/op_kernel.cc:1857] OP_REQUIRES failed at transpose_op.cc:142 : INVALID_ARGUMENT: transpose expects a vector of size 0. But input(1) is a vector of size 7
2026-05-04 19:27:15.593321: W tensorflow/core/framework/op_kernel.cc:1857] OP_REQUIRES failed at transpose_op.cc:142 : INVALID_ARGUMENT: transpose expects a vector of size 0. But input(1) is a vector of size 7
2026-05-04 19:27:16.124060: W tensorflow/core/framework/op_kernel.cc:1857] OP_REQUIRES failed at transpose_op.cc:142 : INVALID_ARGUMENT: transpose expects a vector of size 0. But input(1) is a vector of size 7
2026-05-04 19:27:16.651175: W tensorflow/core/framework/op_kernel.cc:1857] OP_REQUIRES failed at transpose_op.cc:142 : INVALID_ARGUMENT: transpose expects a vector of size 0. But input(1) is a vector of size 7
2026-05-04 19:27:17.177670: W tensorflow/core/framework/op_kernel.cc:1857] OP_REQUIRES failed at transpose_op.cc:142 : INVALID_ARGUMENT: transpose expects a vector of size 0. But input(1) is a vector of size 7
2026-05-04 19:27:17.710910: W tensorflow/core/framework/op_kernel.cc:1857] OP_REQUIRES failed at transpose_op.cc:142 : INVALID_ARGUMENT: transpose expects a vector of size 0. But input(1) is a vector of size 7
2026-05-04 19:27:18.246592: W tensorflow/core/framework/op_kernel.cc:1857] OP_REQUIRES failed at transpose_op.cc:142 : INVALID_ARGUMENT: transpose expects a vector of size 0. But input(1) is a vector of size 7
2026-05-04 19:27:18.783117: W tensorflow/core/framework/op_kernel.cc:1857] OP_REQUIRES failed at transpose_op.cc:142 : INVALID_ARGUMENT: transpose expects a vector of size 0. But input(1) is a vector of size 7
2026-05-04 19:27:19.315983: W tensorflow/core/framework/op_kernel.cc:1857] OP_REQUIRES failed at transpose_op.cc:142 : INVALID_ARGUMENT: transpose expects a vector of size 0. But input(1) is a vector of size 7
2026-05-04 19:27:19.849834: W tensorflow/core/framework/op_kernel.cc:1857] OP_REQUIRES failed at transpose_op.cc:142 : INVALID_ARGUMENT: transpose expects a vector of size 0. But input(1) is a vector of size 7
2026-05-04 19:27:20.379006: W tensorflow/core/framework/op_kernel.cc:1857] OP_REQUIRES failed at transpose_op.cc:142 : INVALID_ARGUMENT: transpose expects a vector of size 0. But input(1) is a vector of size 7
2026-05-04 19:27:20.908204: W tensorflow/core/framework/op_kernel.cc:1857] OP_REQUIRES failed at transpose_op.cc:142 : INVALID_ARGUMENT: transpose expects a vector of size 0. But input(1) is a vector of size 7
2026-05-04 19:27:21.435049: W tensorflow/core/framework/op_kernel.cc:1857] OP_REQUIRES failed at transpose_op.cc:142 : INVALID_ARGUMENT: transpose expects a vector of size 0. But input(1) is a vector of size 7
2026-05-04 19:27:21.963947: W tensorflow/core/framework/op_kernel.cc:1857] OP_REQUIRES failed at transpose_op.cc:142 : INVALID_ARGUMENT: transpose expects a vector of size 0. But input(1) is a vector of size 7
2026-05-04 19:27:22.495187: W tensorflow/core/framework/op_kernel.cc:1857] OP_REQUIRES failed at transpose_op.cc:142 : INVALID_ARGUMENT: transpose expects a vector of size 0. But input(1) is a vector of size 7
2026-05-04 19:27:23.026051: W tensorflow/core/framework/op_kernel.cc:1857] OP_REQUIRES failed at transpose_op.cc:142 : INVALID_ARGUMENT: transpose expects a vector of size 0. But input(1) is a vector of size 7
2026-05-04 19:27:23.558663: W tensorflow/core/framework/op_kernel.cc:1857] OP_REQUIRES failed at transpose_op.cc:142 : INVALID_ARGUMENT: transpose expects a vector of size 0. But input(1) is a vector of size 7
2026-05-04 19:27:24.091309: W tensorflow/core/framework/op_kernel.cc:1857] OP_REQUIRES failed at transpose_op.cc:142 : INVALID_ARGUMENT: transpose expects a vector of size 0. But input(1) is a vector of size 7
2026-05-04 19:27:24.628095: W tensorflow/core/framework/op_kernel.cc:1857] OP_REQUIRES failed at transpose_op.cc:142 : INVALID_ARGUMENT: transpose expects a vector of size 0. But input(1) is a vector of size 7
2026-05-04 19:28:49.456001: W tensorflow/core/framework/op_kernel.cc:1857] OP_REQUIRES failed at transpose_op.cc:142 : INVALID_ARGUMENT: transpose expects a vector of size 0. But input(1) is a vector of size 7
2026-05-04 19:28:49.988796: W tensorflow/core/framework/op_kernel.cc:1857] OP_REQUIRES failed at transpose_op.cc:142 : INVALID_ARGUMENT: transpose expects a vector of size 0. But input(1) is a vector of size 7
2026-05-04 19:28:50.520538: W tensorflow/core/framework/op_kernel.cc:1857] OP_REQUIRES failed at transpose_op.cc:142 : INVALID_ARGUMENT: transpose expects a vector of size 0. But input(1) is a vector of size 7
2026-05-04 19:28:51.048568: W tensorflow/core/framework/op_kernel.cc:1857] OP_REQUIRES failed at transpose_op.cc:142 : INVALID_ARGUMENT: transpose expects a vector of size 0. But input(1) is a vector of size 7
2026-05-04 19:28:51.581159: W tensorflow/core/framework/op_kernel.cc:1857] OP_REQUIRES failed at transpose_op.cc:142 : INVALID_ARGUMENT: transpose expects a vector of size 0. But input(1) is a vector of size 7
2026-05-04 19:28:52.116989: W tensorflow/core/framework/op_kernel.cc:1857] OP_REQUIRES failed at transpose_op.cc:142 : INVALID_ARGUMENT: transpose expects a vector of size 0. But input(1) is a vector of size 7
2026-05-04 19:28:52.647612: W tensorflow/core/framework/op_kernel.cc:1857] OP_REQUIRES failed at transpose_op.cc:142 : INVALID_ARGUMENT: transpose expects a vector of size 0. But input(1) is a vector of size 7
2026-05-04 19:28:53.178280: W tensorflow/core/framework/op_kernel.cc:1857] OP_REQUIRES failed at transpose_op.cc:142 : INVALID_ARGUMENT: transpose expects a vector of size 0. But input(1) is a vector of size 7
2026-05-04 19:28:53.707800: W tensorflow/core/framework/op_kernel.cc:1857] OP_REQUIRES failed at transpose_op.cc:142 : INVALID_ARGUMENT: transpose expects a vector of size 0. But input(1) is a vector of size 7
2026-05-04 19:28:54.238803: W tensorflow/core/framework/op_kernel.cc:1857] OP_REQUIRES failed at transpose_op.cc:142 : INVALID_ARGUMENT: transpose expects a vector of size 0. But input(1) is a vector of size 7
2026-05-04 19:28:54.775249: W tensorflow/core/framework/op_kernel.cc:1857] OP_REQUIRES failed at transpose_op.cc:142 : INVALID_ARGUMENT: transpose expects a vector of size 0. But input(1) is a vector of size 7
2026-05-04 19:28:55.312603: W tensorflow/core/framework/op_kernel.cc:1857] OP_REQUIRES failed at transpose_op.cc:142 : INVALID_ARGUMENT: transpose expects a vector of size 0. But input(1) is a vector of size 7
2026-05-04 19:28:55.846412: W tensorflow/core/framework/op_kernel.cc:1857] OP_REQUIRES failed at transpose_op.cc:142 : INVALID_ARGUMENT: transpose expects a vector of size 0. But input(1) is a vector of size 7
2026-05-04 19:28:56.373771: W tensorflow/core/framework/op_kernel.cc:1857] OP_REQUIRES failed at transpose_op.cc:142 : INVALID_ARGUMENT: transpose expects a vector of size 0. But input(1) is a vector of size 7
2026-05-04 19:28:56.901242: W tensorflow/core/framework/op_kernel.cc:1857] OP_REQUIRES failed at transpose_op.cc:142 : INVALID_ARGUMENT: transpose expects a vector of size 0. But input(1) is a vector of size 7
2026-05-04 19:28:57.427370: W tensorflow/core/framework/op_kernel.cc:1857] OP_REQUIRES failed at transpose_op.cc:142 : INVALID_ARGUMENT: transpose expects a vector of size 0. But input(1) is a vector of size 7
2026-05-04 19:28:57.954223: W tensorflow/core/framework/op_kernel.cc:1857] OP_REQUIRES failed at transpose_op.cc:142 : INVALID_ARGUMENT: transpose expects a vector of size 0. But input(1) is a vector of size 7
2026-05-04 19:28:58.491707: W tensorflow/core/framework/op_kernel.cc:1857] OP_REQUIRES failed at transpose_op.cc:142 : INVALID_ARGUMENT: transpose expects a vector of size 0. But input(1) is a vector of size 7
2026-05-04 19:28:59.029022: W tensorflow/core/framework/op_kernel.cc:1857] OP_REQUIRES failed at transpose_op.cc:142 : INVALID_ARGUMENT: transpose expects a vector of size 0. But input(1) is a vector of size 7
2026-05-04 19:28:59.566529: W tensorflow/core/framework/op_kernel.cc:1857] OP_REQUIRES failed at transpose_op.cc:142 : INVALID_ARGUMENT: transpose expects a vector of size 0. But input(1) is a vector of size 7
2026-05-04 19:29:00.098538: W tensorflow/core/framework/op_kernel.cc:1857] OP_REQUIRES failed at transpose_op.cc:142 : INVALID_ARGUMENT: transpose expects a vector of size 0. But input(1) is a vector of size 7
2026-05-04 19:29:00.632376: W tensorflow/core/framework/op_kernel.cc:1857] OP_REQUIRES failed at transpose_op.cc:142 : INVALID_ARGUMENT: transpose expects a vector of size 0. But input(1) is a vector of size 7
2026-05-04 19:29:01.165532: W tensorflow/core/framework/op_kernel.cc:1857] OP_REQUIRES failed at transpose_op.cc:142 : INVALID_ARGUMENT: transpose expects a vector of size 0. But input(1) is a vector of size 7
2026-05-04 19:29:01.698045: W tensorflow/core/framework/op_kernel.cc:1857] OP_REQUIRES failed at transpose_op.cc:142 : INVALID_ARGUMENT: transpose expects a vector of size 0. But input(1) is a vector of size 7
2026-05-04 19:29:02.230285: W tensorflow/core/framework/op_kernel.cc:1857] OP_REQUIRES failed at transpose_op.cc:142 : INVALID_ARGUMENT: transpose expects a vector of size 0. But input(1) is a vector of size 7
2026-05-04 19:29:02.763036: W tensorflow/core/framework/op_kernel.cc:1857] OP_REQUIRES failed at transpose_op.cc:142 : INVALID_ARGUMENT: transpose expects a vector of size 0. But input(1) is a vector of size 7
2026-05-04 19:29:03.298358: W tensorflow/core/framework/op_kernel.cc:1857] OP_REQUIRES failed at transpose_op.cc:142 : INVALID_ARGUMENT: transpose expects a vector of size 0. But input(1) is a vector of size 7
2026-05-04 19:29:03.832262: W tensorflow/core/framework/op_kernel.cc:1857] OP_REQUIRES failed at transpose_op.cc:142 : INVALID_ARGUMENT: transpose expects a vector of size 0. But input(1) is a vector of size 7
2026-05-04 19:29:04.366111: W tensorflow/core/framework/op_kernel.cc:1857] OP_REQUIRES failed at transpose_op.cc:142 : INVALID_ARGUMENT: transpose expects a vector of size 0. But input(1) is a vector of size 7
2026-05-04 19:29:04.896082: W tensorflow/core/framework/op_kernel.cc:1857] OP_REQUIRES failed at transpose_op.cc:142 : INVALID_ARGUMENT: transpose expects a vector of size 0. But input(1) is a vector of size 7
2026-05-04 19:29:05.423028: W tensorflow/core/framework/op_kernel.cc:1857] OP_REQUIRES failed at transpose_op.cc:142 : INVALID_ARGUMENT: transpose expects a vector of size 0. But input(1) is a vector of size 7
2026-05-04 19:29:05.949814: W tensorflow/core/framework/op_kernel.cc:1857] OP_REQUIRES failed at transpose_op.cc:142 : INVALID_ARGUMENT: transpose expects a vector of size 0. But input(1) is a vector of size 7
2026-05-04 19:30:30.831438: W tensorflow/core/framework/op_kernel.cc:1857] OP_REQUIRES failed at transpose_op.cc:142 : INVALID_ARGUMENT: transpose expects a vector of size 0. But input(1) is a vector of size 7
2026-05-04 19:30:31.366998: W tensorflow/core/framework/op_kernel.cc:1857] OP_REQUIRES failed at transpose_op.cc:142 : INVALID_ARGUMENT: transpose expects a vector of size 0. But input(1) is a vector of size 7
2026-05-04 19:30:31.898581: W tensorflow/core/framework/op_kernel.cc:1857] OP_REQUIRES failed at transpose_op.cc:142 : INVALID_ARGUMENT: transpose expects a vector of size 0. But input(1) is a vector of size 7
2026-05-04 19:30:32.426758: W tensorflow/core/framework/op_kernel.cc:1857] OP_REQUIRES failed at transpose_op.cc:142 : INVALID_ARGUMENT: transpose expects a vector of size 0. But input(1) is a vector of size 7
2026-05-04 19:30:32.953702: W tensorflow/core/framework/op_kernel.cc:1857] OP_REQUIRES failed at transpose_op.cc:142 : INVALID_ARGUMENT: transpose expects a vector of size 0. But input(1) is a vector of size 7
2026-05-04 19:30:33.486366: W tensorflow/core/framework/op_kernel.cc:1857] OP_REQUIRES failed at transpose_op.cc:142 : INVALID_ARGUMENT: transpose expects a vector of size 0. But input(1) is a vector of size 7
2026-05-04 19:30:34.019486: W tensorflow/core/framework/op_kernel.cc:1857] OP_REQUIRES failed at transpose_op.cc:142 : INVALID_ARGUMENT: transpose expects a vector of size 0. But input(1) is a vector of size 7
2026-05-04 19:30:34.548332: W tensorflow/core/framework/op_kernel.cc:1857] OP_REQUIRES failed at transpose_op.cc:142 : INVALID_ARGUMENT: transpose expects a vector of size 0. But input(1) is a vector of size 7
2026-05-04 19:30:35.078057: W tensorflow/core/framework/op_kernel.cc:1857] OP_REQUIRES failed at transpose_op.cc:142 : INVALID_ARGUMENT: transpose expects a vector of size 0. But input(1) is a vector of size 7
2026-05-04 19:30:35.609636: W tensorflow/core/framework/op_kernel.cc:1857] OP_REQUIRES failed at transpose_op.cc:142 : INVALID_ARGUMENT: transpose expects a vector of size 0. But input(1) is a vector of size 7
2026-05-04 19:30:36.136851: W tensorflow/core/framework/op_kernel.cc:1857] OP_REQUIRES failed at transpose_op.cc:142 : INVALID_ARGUMENT: transpose expects a vector of size 0. But input(1) is a vector of size 7
2026-05-04 19:30:36.667734: W tensorflow/core/framework/op_kernel.cc:1857] OP_REQUIRES failed at transpose_op.cc:142 : INVALID_ARGUMENT: transpose expects a vector of size 0. But input(1) is a vector of size 7
2026-05-04 19:30:37.197373: W tensorflow/core/framework/op_kernel.cc:1857] OP_REQUIRES failed at transpose_op.cc:142 : INVALID_ARGUMENT: transpose expects a vector of size 0. But input(1) is a vector of size 7
2026-05-04 19:30:37.727417: W tensorflow/core/framework/op_kernel.cc:1857] OP_REQUIRES failed at transpose_op.cc:142 : INVALID_ARGUMENT: transpose expects a vector of size 0. But input(1) is a vector of size 7
2026-05-04 19:30:38.259327: W tensorflow/core/framework/op_kernel.cc:1857] OP_REQUIRES failed at transpose_op.cc:142 : INVALID_ARGUMENT: transpose expects a vector of size 0. But input(1) is a vector of size 7
2026-05-04 19:30:38.789615: W tensorflow/core/framework/op_kernel.cc:1857] OP_REQUIRES failed at transpose_op.cc:142 : INVALID_ARGUMENT: transpose expects a vector of size 0. But input(1) is a vector of size 7
2026-05-04 19:30:39.318508: W tensorflow/core/framework/op_kernel.cc:1857] OP_REQUIRES failed at transpose_op.cc:142 : INVALID_ARGUMENT: transpose expects a vector of size 0. But input(1) is a vector of size 7
2026-05-04 19:30:39.847052: W tensorflow/core/framework/op_kernel.cc:1857] OP_REQUIRES failed at transpose_op.cc:142 : INVALID_ARGUMENT: transpose expects a vector of size 0. But input(1) is a vector of size 7
2026-05-04 19:30:40.375123: W tensorflow/core/framework/op_kernel.cc:1857] OP_REQUIRES failed at transpose_op.cc:142 : INVALID_ARGUMENT: transpose expects a vector of size 0. But input(1) is a vector of size 7
2026-05-04 19:30:40.903110: W tensorflow/core/framework/op_kernel.cc:1857] OP_REQUIRES failed at transpose_op.cc:142 : INVALID_ARGUMENT: transpose expects a vector of size 0. But input(1) is a vector of size 7
2026-05-04 19:30:41.431038: W tensorflow/core/framework/op_kernel.cc:1857] OP_REQUIRES failed at transpose_op.cc:142 : INVALID_ARGUMENT: transpose expects a vector of size 0. But input(1) is a vector of size 7
2026-05-04 19:30:41.959579: W tensorflow/core/framework/op_kernel.cc:1857] OP_REQUIRES failed at transpose_op.cc:142 : INVALID_ARGUMENT: transpose expects a vector of size 0. But input(1) is a vector of size 7
2026-05-04 19:30:42.493299: W tensorflow/core/framework/op_kernel.cc:1857] OP_REQUIRES failed at transpose_op.cc:142 : INVALID_ARGUMENT: transpose expects a vector of size 0. But input(1) is a vector of size 7
2026-05-04 19:30:43.027533: W tensorflow/core/framework/op_kernel.cc:1857] OP_REQUIRES failed at transpose_op.cc:142 : INVALID_ARGUMENT: transpose expects a vector of size 0. But input(1) is a vector of size 7
2026-05-04 19:30:43.553412: W tensorflow/core/framework/op_kernel.cc:1857] OP_REQUIRES failed at transpose_op.cc:142 : INVALID_ARGUMENT: transpose expects a vector of size 0. But input(1) is a vector of size 7
2026-05-04 19:30:44.081544: W tensorflow/core/framework/op_kernel.cc:1857] OP_REQUIRES failed at transpose_op.cc:142 : INVALID_ARGUMENT: transpose expects a vector of size 0. But input(1) is a vector of size 7
2026-05-04 19:30:44.607829: W tensorflow/core/framework/op_kernel.cc:1857] OP_REQUIRES failed at transpose_op.cc:142 : INVALID_ARGUMENT: transpose expects a vector of size 0. But input(1) is a vector of size 7
2026-05-04 19:30:45.139509: W tensorflow/core/framework/op_kernel.cc:1857] OP_REQUIRES failed at transpose_op.cc:142 : INVALID_ARGUMENT: transpose expects a vector of size 0. But input(1) is a vector of size 7
2026-05-04 19:30:45.671227: W tensorflow/core/framework/op_kernel.cc:1857] OP_REQUIRES failed at transpose_op.cc:142 : INVALID_ARGUMENT: transpose expects a vector of size 0. But input(1) is a vector of size 7
2026-05-04 19:30:46.204050: W tensorflow/core/framework/op_kernel.cc:1857] OP_REQUIRES failed at transpose_op.cc:142 : INVALID_ARGUMENT: transpose expects a vector of size 0. But input(1) is a vector of size 7
2026-05-04 19:30:46.739220: W tensorflow/core/framework/op_kernel.cc:1857] OP_REQUIRES failed at transpose_op.cc:142 : INVALID_ARGUMENT: transpose expects a vector of size 0. But input(1) is a vector of size 7
2026-05-04 19:30:47.274102: W tensorflow/core/framework/op_kernel.cc:1857] OP_REQUIRES failed at transpose_op.cc:142 : INVALID_ARGUMENT: transpose expects a vector of size 0. But input(1) is a vector of size 7
2026-05-04 19:32:12.395759: W tensorflow/core/framework/op_kernel.cc:1857] OP_REQUIRES failed at transpose_op.cc:142 : INVALID_ARGUMENT: transpose expects a vector of size 0. But input(1) is a vector of size 7
2026-05-04 19:32:12.929702: W tensorflow/core/framework/op_kernel.cc:1857] OP_REQUIRES failed at transpose_op.cc:142 : INVALID_ARGUMENT: transpose expects a vector of size 0. But input(1) is a vector of size 7
2026-05-04 19:32:13.459730: W tensorflow/core/framework/op_kernel.cc:1857] OP_REQUIRES failed at transpose_op.cc:142 : INVALID_ARGUMENT: transpose expects a vector of size 0. But input(1) is a vector of size 7
2026-05-04 19:32:13.989666: W tensorflow/core/framework/op_kernel.cc:1857] OP_REQUIRES failed at transpose_op.cc:142 : INVALID_ARGUMENT: transpose expects a vector of size 0. But input(1) is a vector of size 7
2026-05-04 19:32:14.519444: W tensorflow/core/framework/op_kernel.cc:1857] OP_REQUIRES failed at transpose_op.cc:142 : INVALID_ARGUMENT: transpose expects a vector of size 0. But input(1) is a vector of size 7
2026-05-04 19:32:15.057878: W tensorflow/core/framework/op_kernel.cc:1857] OP_REQUIRES failed at transpose_op.cc:142 : INVALID_ARGUMENT: transpose expects a vector of size 0. But input(1) is a vector of size 7
2026-05-04 19:32:15.594025: W tensorflow/core/framework/op_kernel.cc:1857] OP_REQUIRES failed at transpose_op.cc:142 : INVALID_ARGUMENT: transpose expects a vector of size 0. But input(1) is a vector of size 7
2026-05-04 19:32:16.126760: W tensorflow/core/framework/op_kernel.cc:1857] OP_REQUIRES failed at transpose_op.cc:142 : INVALID_ARGUMENT: transpose expects a vector of size 0. But input(1) is a vector of size 7
2026-05-04 19:32:16.658258: W tensorflow/core/framework/op_kernel.cc:1857] OP_REQUIRES failed at transpose_op.cc:142 : INVALID_ARGUMENT: transpose expects a vector of size 0. But input(1) is a vector of size 7
2026-05-04 19:32:17.192886: W tensorflow/core/framework/op_kernel.cc:1857] OP_REQUIRES failed at transpose_op.cc:142 : INVALID_ARGUMENT: transpose expects a vector of size 0. But input(1) is a vector of size 7
2026-05-04 19:32:17.729897: W tensorflow/core/framework/op_kernel.cc:1857] OP_REQUIRES failed at transpose_op.cc:142 : INVALID_ARGUMENT: transpose expects a vector of size 0. But input(1) is a vector of size 7
2026-05-04 19:32:18.264913: W tensorflow/core/framework/op_kernel.cc:1857] OP_REQUIRES failed at transpose_op.cc:142 : INVALID_ARGUMENT: transpose expects a vector of size 0. But input(1) is a vector of size 7
2026-05-04 19:32:18.800919: W tensorflow/core/framework/op_kernel.cc:1857] OP_REQUIRES failed at transpose_op.cc:142 : INVALID_ARGUMENT: transpose expects a vector of size 0. But input(1) is a vector of size 7
2026-05-04 19:32:19.336657: W tensorflow/core/framework/op_kernel.cc:1857] OP_REQUIRES failed at transpose_op.cc:142 : INVALID_ARGUMENT: transpose expects a vector of size 0. But input(1) is a vector of size 7
2026-05-04 19:32:19.871998: W tensorflow/core/framework/op_kernel.cc:1857] OP_REQUIRES failed at transpose_op.cc:142 : INVALID_ARGUMENT: transpose expects a vector of size 0. But input(1) is a vector of size 7
2026-05-04 19:32:20.408169: W tensorflow/core/framework/op_kernel.cc:1857] OP_REQUIRES failed at transpose_op.cc:142 : INVALID_ARGUMENT: transpose expects a vector of size 0. But input(1) is a vector of size 7
2026-05-04 19:32:20.941525: W tensorflow/core/framework/op_kernel.cc:1857] OP_REQUIRES failed at transpose_op.cc:142 : INVALID_ARGUMENT: transpose expects a vector of size 0. But input(1) is a vector of size 7
2026-05-04 19:32:21.475646: W tensorflow/core/framework/op_kernel.cc:1857] OP_REQUIRES failed at transpose_op.cc:142 : INVALID_ARGUMENT: transpose expects a vector of size 0. But input(1) is a vector of size 7
2026-05-04 19:32:22.005193: W tensorflow/core/framework/op_kernel.cc:1857] OP_REQUIRES failed at transpose_op.cc:142 : INVALID_ARGUMENT: transpose expects a vector of size 0. But input(1) is a vector of size 7
2026-05-04 19:32:22.530758: W tensorflow/core/framework/op_kernel.cc:1857] OP_REQUIRES failed at transpose_op.cc:142 : INVALID_ARGUMENT: transpose expects a vector of size 0. But input(1) is a vector of size 7
2026-05-04 19:32:23.067142: W tensorflow/core/framework/op_kernel.cc:1857] OP_REQUIRES failed at transpose_op.cc:142 : INVALID_ARGUMENT: transpose expects a vector of size 0. But input(1) is a vector of size 7
2026-05-04 19:32:23.606143: W tensorflow/core/framework/op_kernel.cc:1857] OP_REQUIRES failed at transpose_op.cc:142 : INVALID_ARGUMENT: transpose expects a vector of size 0. But input(1) is a vector of size 7
2026-05-04 19:32:24.143677: W tensorflow/core/framework/op_kernel.cc:1857] OP_REQUIRES failed at transpose_op.cc:142 : INVALID_ARGUMENT: transpose expects a vector of size 0. But input(1) is a vector of size 7
2026-05-04 19:32:24.678018: W tensorflow/core/framework/op_kernel.cc:1857] OP_REQUIRES failed at transpose_op.cc:142 : INVALID_ARGUMENT: transpose expects a vector of size 0. But input(1) is a vector of size 7
2026-05-04 19:32:25.211532: W tensorflow/core/framework/op_kernel.cc:1857] OP_REQUIRES failed at transpose_op.cc:142 : INVALID_ARGUMENT: transpose expects a vector of size 0. But input(1) is a vector of size 7
2026-05-04 19:32:25.745745: W tensorflow/core/framework/op_kernel.cc:1857] OP_REQUIRES failed at transpose_op.cc:142 : INVALID_ARGUMENT: transpose expects a vector of size 0. But input(1) is a vector of size 7
2026-05-04 19:32:26.275755: W tensorflow/core/framework/op_kernel.cc:1857] OP_REQUIRES failed at transpose_op.cc:142 : INVALID_ARGUMENT: transpose expects a vector of size 0. But input(1) is a vector of size 7
2026-05-04 19:32:26.804890: W tensorflow/core/framework/op_kernel.cc:1857] OP_REQUIRES failed at transpose_op.cc:142 : INVALID_ARGUMENT: transpose expects a vector of size 0. But input(1) is a vector of size 7
2026-05-04 19:32:27.334941: W tensorflow/core/framework/op_kernel.cc:1857] OP_REQUIRES failed at transpose_op.cc:142 : INVALID_ARGUMENT: transpose expects a vector of size 0. But input(1) is a vector of size 7
2026-05-04 19:32:27.866923: W tensorflow/core/framework/op_kernel.cc:1857] OP_REQUIRES failed at transpose_op.cc:142 : INVALID_ARGUMENT: transpose expects a vector of size 0. But input(1) is a vector of size 7
2026-05-04 19:32:28.398517: W tensorflow/core/framework/op_kernel.cc:1857] OP_REQUIRES failed at transpose_op.cc:142 : INVALID_ARGUMENT: transpose expects a vector of size 0. But input(1) is a vector of size 7
2026-05-04 19:32:28.937015: W tensorflow/core/framework/op_kernel.cc:1857] OP_REQUIRES failed at transpose_op.cc:142 : INVALID_ARGUMENT: transpose expects a vector of size 0. But input(1) is a vector of size 7
2026-05-04 19:33:54.156011: W tensorflow/core/framework/op_kernel.cc:1857] OP_REQUIRES failed at transpose_op.cc:142 : INVALID_ARGUMENT: transpose expects a vector of size 0. But input(1) is a vector of size 7
2026-05-04 19:33:54.689151: W tensorflow/core/framework/op_kernel.cc:1857] OP_REQUIRES failed at transpose_op.cc:142 : INVALID_ARGUMENT: transpose expects a vector of size 0. But input(1) is a vector of size 7
2026-05-04 19:33:55.222412: W tensorflow/core/framework/op_kernel.cc:1857] OP_REQUIRES failed at transpose_op.cc:142 : INVALID_ARGUMENT: transpose expects a vector of size 0. But input(1) is a vector of size 7
2026-05-04 19:33:55.756147: W tensorflow/core/framework/op_kernel.cc:1857] OP_REQUIRES failed at transpose_op.cc:142 : INVALID_ARGUMENT: transpose expects a vector of size 0. But input(1) is a vector of size 7
2026-05-04 19:33:56.282928: W tensorflow/core/framework/op_kernel.cc:1857] OP_REQUIRES failed at transpose_op.cc:142 : INVALID_ARGUMENT: transpose expects a vector of size 0. But input(1) is a vector of size 7
2026-05-04 19:33:56.808939: W tensorflow/core/framework/op_kernel.cc:1857] OP_REQUIRES failed at transpose_op.cc:142 : INVALID_ARGUMENT: transpose expects a vector of size 0. But input(1) is a vector of size 7
2026-05-04 19:33:57.335738: W tensorflow/core/framework/op_kernel.cc:1857] OP_REQUIRES failed at transpose_op.cc:142 : INVALID_ARGUMENT: transpose expects a vector of size 0. But input(1) is a vector of size 7
2026-05-04 19:33:57.863899: W tensorflow/core/framework/op_kernel.cc:1857] OP_REQUIRES failed at transpose_op.cc:142 : INVALID_ARGUMENT: transpose expects a vector of size 0. But input(1) is a vector of size 7
2026-05-04 19:33:58.392684: W tensorflow/core/framework/op_kernel.cc:1857] OP_REQUIRES failed at transpose_op.cc:142 : INVALID_ARGUMENT: transpose expects a vector of size 0. But input(1) is a vector of size 7
2026-05-04 19:33:58.920020: W tensorflow/core/framework/op_kernel.cc:1857] OP_REQUIRES failed at transpose_op.cc:142 : INVALID_ARGUMENT: transpose expects a vector of size 0. But input(1) is a vector of size 7
2026-05-04 19:33:59.449764: W tensorflow/core/framework/op_kernel.cc:1857] OP_REQUIRES failed at transpose_op.cc:142 : INVALID_ARGUMENT: transpose expects a vector of size 0. But input(1) is a vector of size 7
2026-05-04 19:33:59.980030: W tensorflow/core/framework/op_kernel.cc:1857] OP_REQUIRES failed at transpose_op.cc:142 : INVALID_ARGUMENT: transpose expects a vector of size 0. But input(1) is a vector of size 7
2026-05-04 19:34:00.514775: W tensorflow/core/framework/op_kernel.cc:1857] OP_REQUIRES failed at transpose_op.cc:142 : INVALID_ARGUMENT: transpose expects a vector of size 0. But input(1) is a vector of size 7
2026-05-04 19:34:01.049528: W tensorflow/core/framework/op_kernel.cc:1857] OP_REQUIRES failed at transpose_op.cc:142 : INVALID_ARGUMENT: transpose expects a vector of size 0. But input(1) is a vector of size 7
2026-05-04 19:34:01.583844: W tensorflow/core/framework/op_kernel.cc:1857] OP_REQUIRES failed at transpose_op.cc:142 : INVALID_ARGUMENT: transpose expects a vector of size 0. But input(1) is a vector of size 7
2026-05-04 19:34:02.115363: W tensorflow/core/framework/op_kernel.cc:1857] OP_REQUIRES failed at transpose_op.cc:142 : INVALID_ARGUMENT: transpose expects a vector of size 0. But input(1) is a vector of size 7
2026-05-04 19:34:02.643659: W tensorflow/core/framework/op_kernel.cc:1857] OP_REQUIRES failed at transpose_op.cc:142 : INVALID_ARGUMENT: transpose expects a vector of size 0. But input(1) is a vector of size 7
2026-05-04 19:34:03.172762: W tensorflow/core/framework/op_kernel.cc:1857] OP_REQUIRES failed at transpose_op.cc:142 : INVALID_ARGUMENT: transpose expects a vector of size 0. But input(1) is a vector of size 7
2026-05-04 19:34:03.701386: W tensorflow/core/framework/op_kernel.cc:1857] OP_REQUIRES failed at transpose_op.cc:142 : INVALID_ARGUMENT: transpose expects a vector of size 0. But input(1) is a vector of size 7
2026-05-04 19:34:04.228684: W tensorflow/core/framework/op_kernel.cc:1857] OP_REQUIRES failed at transpose_op.cc:142 : INVALID_ARGUMENT: transpose expects a vector of size 0. But input(1) is a vector of size 7
2026-05-04 19:34:04.757918: W tensorflow/core/framework/op_kernel.cc:1857] OP_REQUIRES failed at transpose_op.cc:142 : INVALID_ARGUMENT: transpose expects a vector of size 0. But input(1) is a vector of size 7
2026-05-04 19:34:05.290667: W tensorflow/core/framework/op_kernel.cc:1857] OP_REQUIRES failed at transpose_op.cc:142 : INVALID_ARGUMENT: transpose expects a vector of size 0. But input(1) is a vector of size 7
2026-05-04 19:34:05.824836: W tensorflow/core/framework/op_kernel.cc:1857] OP_REQUIRES failed at transpose_op.cc:142 : INVALID_ARGUMENT: transpose expects a vector of size 0. But input(1) is a vector of size 7
2026-05-04 19:34:06.356520: W tensorflow/core/framework/op_kernel.cc:1857] OP_REQUIRES failed at transpose_op.cc:142 : INVALID_ARGUMENT: transpose expects a vector of size 0. But input(1) is a vector of size 7
2026-05-04 19:34:06.885984: W tensorflow/core/framework/op_kernel.cc:1857] OP_REQUIRES failed at transpose_op.cc:142 : INVALID_ARGUMENT: transpose expects a vector of size 0. But input(1) is a vector of size 7
2026-05-04 19:34:07.417254: W tensorflow/core/framework/op_kernel.cc:1857] OP_REQUIRES failed at transpose_op.cc:142 : INVALID_ARGUMENT: transpose expects a vector of size 0. But input(1) is a vector of size 7
2026-05-04 19:34:07.944859: W tensorflow/core/framework/op_kernel.cc:1857] OP_REQUIRES failed at transpose_op.cc:142 : INVALID_ARGUMENT: transpose expects a vector of size 0. But input(1) is a vector of size 7
2026-05-04 19:34:08.474128: W tensorflow/core/framework/op_kernel.cc:1857] OP_REQUIRES failed at transpose_op.cc:142 : INVALID_ARGUMENT: transpose expects a vector of size 0. But input(1) is a vector of size 7
2026-05-04 19:34:09.005086: W tensorflow/core/framework/op_kernel.cc:1857] OP_REQUIRES failed at transpose_op.cc:142 : INVALID_ARGUMENT: transpose expects a vector of size 0. But input(1) is a vector of size 7
2026-05-04 19:34:09.535768: W tensorflow/core/framework/op_kernel.cc:1857] OP_REQUIRES failed at transpose_op.cc:142 : INVALID_ARGUMENT: transpose expects a vector of size 0. But input(1) is a vector of size 7
2026-05-04 19:34:10.067989: W tensorflow/core/framework/op_kernel.cc:1857] OP_REQUIRES failed at transpose_op.cc:142 : INVALID_ARGUMENT: transpose expects a vector of size 0. But input(1) is a vector of size 7
2026-05-04 19:34:10.595693: W tensorflow/core/framework/op_kernel.cc:1857] OP_REQUIRES failed at transpose_op.cc:142 : INVALID_ARGUMENT: transpose expects a vector of size 0. But input(1) is a vector of size 7
2026-05-04 19:35:35.310267: W tensorflow/core/framework/op_kernel.cc:1857] OP_REQUIRES failed at transpose_op.cc:142 : INVALID_ARGUMENT: transpose expects a vector of size 0. But input(1) is a vector of size 7
2026-05-04 19:35:35.839146: W tensorflow/core/framework/op_kernel.cc:1857] OP_REQUIRES failed at transpose_op.cc:142 : INVALID_ARGUMENT: transpose expects a vector of size 0. But input(1) is a vector of size 7
2026-05-04 19:35:36.366508: W tensorflow/core/framework/op_kernel.cc:1857] OP_REQUIRES failed at transpose_op.cc:142 : INVALID_ARGUMENT: transpose expects a vector of size 0. But input(1) is a vector of size 7
2026-05-04 19:35:36.897072: W tensorflow/core/framework/op_kernel.cc:1857] OP_REQUIRES failed at transpose_op.cc:142 : INVALID_ARGUMENT: transpose expects a vector of size 0. But input(1) is a vector of size 7
2026-05-04 19:35:37.429662: W tensorflow/core/framework/op_kernel.cc:1857] OP_REQUIRES failed at transpose_op.cc:142 : INVALID_ARGUMENT: transpose expects a vector of size 0. But input(1) is a vector of size 7
2026-05-04 19:35:37.960516: W tensorflow/core/framework/op_kernel.cc:1857] OP_REQUIRES failed at transpose_op.cc:142 : INVALID_ARGUMENT: transpose expects a vector of size 0. But input(1) is a vector of size 7
2026-05-04 19:35:38.492076: W tensorflow/core/framework/op_kernel.cc:1857] OP_REQUIRES failed at transpose_op.cc:142 : INVALID_ARGUMENT: transpose expects a vector of size 0. But input(1) is a vector of size 7
2026-05-04 19:35:39.017782: W tensorflow/core/framework/op_kernel.cc:1857] OP_REQUIRES failed at transpose_op.cc:142 : INVALID_ARGUMENT: transpose expects a vector of size 0. But input(1) is a vector of size 7
2026-05-04 19:35:39.545567: W tensorflow/core/framework/op_kernel.cc:1857] OP_REQUIRES failed at transpose_op.cc:142 : INVALID_ARGUMENT: transpose expects a vector of size 0. But input(1) is a vector of size 7
2026-05-04 19:35:40.071812: W tensorflow/core/framework/op_kernel.cc:1857] OP_REQUIRES failed at transpose_op.cc:142 : INVALID_ARGUMENT: transpose expects a vector of size 0. But input(1) is a vector of size 7
2026-05-04 19:35:40.603468: W tensorflow/core/framework/op_kernel.cc:1857] OP_REQUIRES failed at transpose_op.cc:142 : INVALID_ARGUMENT: transpose expects a vector of size 0. But input(1) is a vector of size 7
2026-05-04 19:35:41.134715: W tensorflow/core/framework/op_kernel.cc:1857] OP_REQUIRES failed at transpose_op.cc:142 : INVALID_ARGUMENT: transpose expects a vector of size 0. But input(1) is a vector of size 7
2026-05-04 19:35:41.660569: W tensorflow/core/framework/op_kernel.cc:1857] OP_REQUIRES failed at transpose_op.cc:142 : INVALID_ARGUMENT: transpose expects a vector of size 0. But input(1) is a vector of size 7
2026-05-04 19:35:42.186034: W tensorflow/core/framework/op_kernel.cc:1857] OP_REQUIRES failed at transpose_op.cc:142 : INVALID_ARGUMENT: transpose expects a vector of size 0. But input(1) is a vector of size 7
2026-05-04 19:35:42.715892: W tensorflow/core/framework/op_kernel.cc:1857] OP_REQUIRES failed at transpose_op.cc:142 : INVALID_ARGUMENT: transpose expects a vector of size 0. But input(1) is a vector of size 7
2026-05-04 19:35:43.247414: W tensorflow/core/framework/op_kernel.cc:1857] OP_REQUIRES failed at transpose_op.cc:142 : INVALID_ARGUMENT: transpose expects a vector of size 0. But input(1) is a vector of size 7
2026-05-04 19:35:43.783941: W tensorflow/core/framework/op_kernel.cc:1857] OP_REQUIRES failed at transpose_op.cc:142 : INVALID_ARGUMENT: transpose expects a vector of size 0. But input(1) is a vector of size 7
2026-05-04 19:35:44.316133: W tensorflow/core/framework/op_kernel.cc:1857] OP_REQUIRES failed at transpose_op.cc:142 : INVALID_ARGUMENT: transpose expects a vector of size 0. But input(1) is a vector of size 7
2026-05-04 19:35:44.843873: W tensorflow/core/framework/op_kernel.cc:1857] OP_REQUIRES failed at transpose_op.cc:142 : INVALID_ARGUMENT: transpose expects a vector of size 0. But input(1) is a vector of size 7
2026-05-04 19:35:45.372414: W tensorflow/core/framework/op_kernel.cc:1857] OP_REQUIRES failed at transpose_op.cc:142 : INVALID_ARGUMENT: transpose expects a vector of size 0. But input(1) is a vector of size 7
2026-05-04 19:35:45.902115: W tensorflow/core/framework/op_kernel.cc:1857] OP_REQUIRES failed at transpose_op.cc:142 : INVALID_ARGUMENT: transpose expects a vector of size 0. But input(1) is a vector of size 7
2026-05-04 19:35:46.433050: W tensorflow/core/framework/op_kernel.cc:1857] OP_REQUIRES failed at transpose_op.cc:142 : INVALID_ARGUMENT: transpose expects a vector of size 0. But input(1) is a vector of size 7
2026-05-04 19:35:46.960621: W tensorflow/core/framework/op_kernel.cc:1857] OP_REQUIRES failed at transpose_op.cc:142 : INVALID_ARGUMENT: transpose expects a vector of size 0. But input(1) is a vector of size 7
2026-05-04 19:35:47.493647: W tensorflow/core/framework/op_kernel.cc:1857] OP_REQUIRES failed at transpose_op.cc:142 : INVALID_ARGUMENT: transpose expects a vector of size 0. But input(1) is a vector of size 7
2026-05-04 19:35:48.024174: W tensorflow/core/framework/op_kernel.cc:1857] OP_REQUIRES failed at transpose_op.cc:142 : INVALID_ARGUMENT: transpose expects a vector of size 0. But input(1) is a vector of size 7
2026-05-04 19:35:48.555412: W tensorflow/core/framework/op_kernel.cc:1857] OP_REQUIRES failed at transpose_op.cc:142 : INVALID_ARGUMENT: transpose expects a vector of size 0. But input(1) is a vector of size 7
2026-05-04 19:35:49.087500: W tensorflow/core/framework/op_kernel.cc:1857] OP_REQUIRES failed at transpose_op.cc:142 : INVALID_ARGUMENT: transpose expects a vector of size 0. But input(1) is a vector of size 7
2026-05-04 19:35:49.617400: W tensorflow/core/framework/op_kernel.cc:1857] OP_REQUIRES failed at transpose_op.cc:142 : INVALID_ARGUMENT: transpose expects a vector of size 0. But input(1) is a vector of size 7
2026-05-04 19:35:50.147650: W tensorflow/core/framework/op_kernel.cc:1857] OP_REQUIRES failed at transpose_op.cc:142 : INVALID_ARGUMENT: transpose expects a vector of size 0. But input(1) is a vector of size 7
2026-05-04 19:35:50.677372: W tensorflow/core/framework/op_kernel.cc:1857] OP_REQUIRES failed at transpose_op.cc:142 : INVALID_ARGUMENT: transpose expects a vector of size 0. But input(1) is a vector of size 7
2026-05-04 19:35:51.209307: W tensorflow/core/framework/op_kernel.cc:1857] OP_REQUIRES failed at transpose_op.cc:142 : INVALID_ARGUMENT: transpose expects a vector of size 0. But input(1) is a vector of size 7
2026-05-04 19:35:51.737094: W tensorflow/core/framework/op_kernel.cc:1857] OP_REQUIRES failed at transpose_op.cc:142 : INVALID_ARGUMENT: transpose expects a vector of size 0. But input(1) is a vector of size 7
2026-05-04 19:37:16.331566: W tensorflow/core/framework/op_kernel.cc:1857] OP_REQUIRES failed at transpose_op.cc:142 : INVALID_ARGUMENT: transpose expects a vector of size 0. But input(1) is a vector of size 7
2026-05-04 19:37:16.866633: W tensorflow/core/framework/op_kernel.cc:1857] OP_REQUIRES failed at transpose_op.cc:142 : INVALID_ARGUMENT: transpose expects a vector of size 0. But input(1) is a vector of size 7
2026-05-04 19:37:17.393604: W tensorflow/core/framework/op_kernel.cc:1857] OP_REQUIRES failed at transpose_op.cc:142 : INVALID_ARGUMENT: transpose expects a vector of size 0. But input(1) is a vector of size 7
2026-05-04 19:37:17.922837: W tensorflow/core/framework/op_kernel.cc:1857] OP_REQUIRES failed at transpose_op.cc:142 : INVALID_ARGUMENT: transpose expects a vector of size 0. But input(1) is a vector of size 7
2026-05-04 19:37:18.450656: W tensorflow/core/framework/op_kernel.cc:1857] OP_REQUIRES failed at transpose_op.cc:142 : INVALID_ARGUMENT: transpose expects a vector of size 0. But input(1) is a vector of size 7
2026-05-04 19:37:18.979174: W tensorflow/core/framework/op_kernel.cc:1857] OP_REQUIRES failed at transpose_op.cc:142 : INVALID_ARGUMENT: transpose expects a vector of size 0. But input(1) is a vector of size 7
2026-05-04 19:37:19.507873: W tensorflow/core/framework/op_kernel.cc:1857] OP_REQUIRES failed at transpose_op.cc:142 : INVALID_ARGUMENT: transpose expects a vector of size 0. But input(1) is a vector of size 7
2026-05-04 19:37:20.037155: W tensorflow/core/framework/op_kernel.cc:1857] OP_REQUIRES failed at transpose_op.cc:142 : INVALID_ARGUMENT: transpose expects a vector of size 0. But input(1) is a vector of size 7
2026-05-04 19:37:20.564929: W tensorflow/core/framework/op_kernel.cc:1857] OP_REQUIRES failed at transpose_op.cc:142 : INVALID_ARGUMENT: transpose expects a vector of size 0. But input(1) is a vector of size 7
2026-05-04 19:37:21.090841: W tensorflow/core/framework/op_kernel.cc:1857] OP_REQUIRES failed at transpose_op.cc:142 : INVALID_ARGUMENT: transpose expects a vector of size 0. But input(1) is a vector of size 7
2026-05-04 19:37:21.614931: W tensorflow/core/framework/op_kernel.cc:1857] OP_REQUIRES failed at transpose_op.cc:142 : INVALID_ARGUMENT: transpose expects a vector of size 0. But input(1) is a vector of size 7
2026-05-04 19:37:22.143541: W tensorflow/core/framework/op_kernel.cc:1857] OP_REQUIRES failed at transpose_op.cc:142 : INVALID_ARGUMENT: transpose expects a vector of size 0. But input(1) is a vector of size 7
2026-05-04 19:37:22.675775: W tensorflow/core/framework/op_kernel.cc:1857] OP_REQUIRES failed at transpose_op.cc:142 : INVALID_ARGUMENT: transpose expects a vector of size 0. But input(1) is a vector of size 7
2026-05-04 19:37:23.207852: W tensorflow/core/framework/op_kernel.cc:1857] OP_REQUIRES failed at transpose_op.cc:142 : INVALID_ARGUMENT: transpose expects a vector of size 0. But input(1) is a vector of size 7
2026-05-04 19:37:23.738777: W tensorflow/core/framework/op_kernel.cc:1857] OP_REQUIRES failed at transpose_op.cc:142 : INVALID_ARGUMENT: transpose expects a vector of size 0. But input(1) is a vector of size 7
2026-05-04 19:37:24.268410: W tensorflow/core/framework/op_kernel.cc:1857] OP_REQUIRES failed at transpose_op.cc:142 : INVALID_ARGUMENT: transpose expects a vector of size 0. But input(1) is a vector of size 7
2026-05-04 19:37:24.798246: W tensorflow/core/framework/op_kernel.cc:1857] OP_REQUIRES failed at transpose_op.cc:142 : INVALID_ARGUMENT: transpose expects a vector of size 0. But input(1) is a vector of size 7
2026-05-04 19:37:25.323502: W tensorflow/core/framework/op_kernel.cc:1857] OP_REQUIRES failed at transpose_op.cc:142 : INVALID_ARGUMENT: transpose expects a vector of size 0. But input(1) is a vector of size 7
2026-05-04 19:37:25.849416: W tensorflow/core/framework/op_kernel.cc:1857] OP_REQUIRES failed at transpose_op.cc:142 : INVALID_ARGUMENT: transpose expects a vector of size 0. But input(1) is a vector of size 7
2026-05-04 19:37:26.383727: W tensorflow/core/framework/op_kernel.cc:1857] OP_REQUIRES failed at transpose_op.cc:142 : INVALID_ARGUMENT: transpose expects a vector of size 0. But input(1) is a vector of size 7
2026-05-04 19:37:26.917999: W tensorflow/core/framework/op_kernel.cc:1857] OP_REQUIRES failed at transpose_op.cc:142 : INVALID_ARGUMENT: transpose expects a vector of size 0. But input(1) is a vector of size 7
2026-05-04 19:37:27.449337: W tensorflow/core/framework/op_kernel.cc:1857] OP_REQUIRES failed at transpose_op.cc:142 : INVALID_ARGUMENT: transpose expects a vector of size 0. But input(1) is a vector of size 7
2026-05-04 19:37:27.978854: W tensorflow/core/framework/op_kernel.cc:1857] OP_REQUIRES failed at transpose_op.cc:142 : INVALID_ARGUMENT: transpose expects a vector of size 0. But input(1) is a vector of size 7
2026-05-04 19:37:28.509413: W tensorflow/core/framework/op_kernel.cc:1857] OP_REQUIRES failed at transpose_op.cc:142 : INVALID_ARGUMENT: transpose expects a vector of size 0. But input(1) is a vector of size 7
2026-05-04 19:37:29.040360: W tensorflow/core/framework/op_kernel.cc:1857] OP_REQUIRES failed at transpose_op.cc:142 : INVALID_ARGUMENT: transpose expects a vector of size 0. But input(1) is a vector of size 7
2026-05-04 19:37:29.569055: W tensorflow/core/framework/op_kernel.cc:1857] OP_REQUIRES failed at transpose_op.cc:142 : INVALID_ARGUMENT: transpose expects a vector of size 0. But input(1) is a vector of size 7
2026-05-04 19:37:30.093841: W tensorflow/core/framework/op_kernel.cc:1857] OP_REQUIRES failed at transpose_op.cc:142 : INVALID_ARGUMENT: transpose expects a vector of size 0. But input(1) is a vector of size 7
2026-05-04 19:37:30.624745: W tensorflow/core/framework/op_kernel.cc:1857] OP_REQUIRES failed at transpose_op.cc:142 : INVALID_ARGUMENT: transpose expects a vector of size 0. But input(1) is a vector of size 7
2026-05-04 19:37:31.155441: W tensorflow/core/framework/op_kernel.cc:1857] OP_REQUIRES failed at transpose_op.cc:142 : INVALID_ARGUMENT: transpose expects a vector of size 0. But input(1) is a vector of size 7
2026-05-04 19:37:31.684865: W tensorflow/core/framework/op_kernel.cc:1857] OP_REQUIRES failed at transpose_op.cc:142 : INVALID_ARGUMENT: transpose expects a vector of size 0. But input(1) is a vector of size 7
2026-05-04 19:37:32.217894: W tensorflow/core/framework/op_kernel.cc:1857] OP_REQUIRES failed at transpose_op.cc:142 : INVALID_ARGUMENT: transpose expects a vector of size 0. But input(1) is a vector of size 7
2026-05-04 19:37:32.750348: W tensorflow/core/framework/op_kernel.cc:1857] OP_REQUIRES failed at transpose_op.cc:142 : INVALID_ARGUMENT: transpose expects a vector of size 0. But input(1) is a vector of size 7
2026-05-04 19:38:57.385539: W tensorflow/core/framework/op_kernel.cc:1857] OP_REQUIRES failed at transpose_op.cc:142 : INVALID_ARGUMENT: transpose expects a vector of size 0. But input(1) is a vector of size 7
2026-05-04 19:38:57.913492: W tensorflow/core/framework/op_kernel.cc:1857] OP_REQUIRES failed at transpose_op.cc:142 : INVALID_ARGUMENT: transpose expects a vector of size 0. But input(1) is a vector of size 7
2026-05-04 19:38:58.442500: W tensorflow/core/framework/op_kernel.cc:1857] OP_REQUIRES failed at transpose_op.cc:142 : INVALID_ARGUMENT: transpose expects a vector of size 0. But input(1) is a vector of size 7
2026-05-04 19:38:58.972994: W tensorflow/core/framework/op_kernel.cc:1857] OP_REQUIRES failed at transpose_op.cc:142 : INVALID_ARGUMENT: transpose expects a vector of size 0. But input(1) is a vector of size 7
2026-05-04 19:38:59.500539: W tensorflow/core/framework/op_kernel.cc:1857] OP_REQUIRES failed at transpose_op.cc:142 : INVALID_ARGUMENT: transpose expects a vector of size 0. But input(1) is a vector of size 7
2026-05-04 19:39:00.032745: W tensorflow/core/framework/op_kernel.cc:1857] OP_REQUIRES failed at transpose_op.cc:142 : INVALID_ARGUMENT: transpose expects a vector of size 0. But input(1) is a vector of size 7
2026-05-04 19:39:00.565392: W tensorflow/core/framework/op_kernel.cc:1857] OP_REQUIRES failed at transpose_op.cc:142 : INVALID_ARGUMENT: transpose expects a vector of size 0. But input(1) is a vector of size 7
2026-05-04 19:39:01.093861: W tensorflow/core/framework/op_kernel.cc:1857] OP_REQUIRES failed at transpose_op.cc:142 : INVALID_ARGUMENT: transpose expects a vector of size 0. But input(1) is a vector of size 7
2026-05-04 19:39:01.621345: W tensorflow/core/framework/op_kernel.cc:1857] OP_REQUIRES failed at transpose_op.cc:142 : INVALID_ARGUMENT: transpose expects a vector of size 0. But input(1) is a vector of size 7
2026-05-04 19:39:02.146075: W tensorflow/core/framework/op_kernel.cc:1857] OP_REQUIRES failed at transpose_op.cc:142 : INVALID_ARGUMENT: transpose expects a vector of size 0. But input(1) is a vector of size 7
2026-05-04 19:39:02.671426: W tensorflow/core/framework/op_kernel.cc:1857] OP_REQUIRES failed at transpose_op.cc:142 : INVALID_ARGUMENT: transpose expects a vector of size 0. But input(1) is a vector of size 7
2026-05-04 19:39:03.197850: W tensorflow/core/framework/op_kernel.cc:1857] OP_REQUIRES failed at transpose_op.cc:142 : INVALID_ARGUMENT: transpose expects a vector of size 0. But input(1) is a vector of size 7
2026-05-04 19:39:03.724376: W tensorflow/core/framework/op_kernel.cc:1857] OP_REQUIRES failed at transpose_op.cc:142 : INVALID_ARGUMENT: transpose expects a vector of size 0. But input(1) is a vector of size 7
2026-05-04 19:39:04.251668: W tensorflow/core/framework/op_kernel.cc:1857] OP_REQUIRES failed at transpose_op.cc:142 : INVALID_ARGUMENT: transpose expects a vector of size 0. But input(1) is a vector of size 7
2026-05-04 19:39:04.782453: W tensorflow/core/framework/op_kernel.cc:1857] OP_REQUIRES failed at transpose_op.cc:142 : INVALID_ARGUMENT: transpose expects a vector of size 0. But input(1) is a vector of size 7
2026-05-04 19:39:05.315089: W tensorflow/core/framework/op_kernel.cc:1857] OP_REQUIRES failed at transpose_op.cc:142 : INVALID_ARGUMENT: transpose expects a vector of size 0. But input(1) is a vector of size 7
2026-05-04 19:39:05.850627: W tensorflow/core/framework/op_kernel.cc:1857] OP_REQUIRES failed at transpose_op.cc:142 : INVALID_ARGUMENT: transpose expects a vector of size 0. But input(1) is a vector of size 7
2026-05-04 19:39:06.384159: W tensorflow/core/framework/op_kernel.cc:1857] OP_REQUIRES failed at transpose_op.cc:142 : INVALID_ARGUMENT: transpose expects a vector of size 0. But input(1) is a vector of size 7
2026-05-04 19:39:06.915891: W tensorflow/core/framework/op_kernel.cc:1857] OP_REQUIRES failed at transpose_op.cc:142 : INVALID_ARGUMENT: transpose expects a vector of size 0. But input(1) is a vector of size 7
2026-05-04 19:39:07.450318: W tensorflow/core/framework/op_kernel.cc:1857] OP_REQUIRES failed at transpose_op.cc:142 : INVALID_ARGUMENT: transpose expects a vector of size 0. But input(1) is a vector of size 7
2026-05-04 19:39:07.985002: W tensorflow/core/framework/op_kernel.cc:1857] OP_REQUIRES failed at transpose_op.cc:142 : INVALID_ARGUMENT: transpose expects a vector of size 0. But input(1) is a vector of size 7
2026-05-04 19:39:08.518957: W tensorflow/core/framework/op_kernel.cc:1857] OP_REQUIRES failed at transpose_op.cc:142 : INVALID_ARGUMENT: transpose expects a vector of size 0. But input(1) is a vector of size 7
2026-05-04 19:39:09.051222: W tensorflow/core/framework/op_kernel.cc:1857] OP_REQUIRES failed at transpose_op.cc:142 : INVALID_ARGUMENT: transpose expects a vector of size 0. But input(1) is a vector of size 7
2026-05-04 19:39:09.586204: W tensorflow/core/framework/op_kernel.cc:1857] OP_REQUIRES failed at transpose_op.cc:142 : INVALID_ARGUMENT: transpose expects a vector of size 0. But input(1) is a vector of size 7
2026-05-04 19:39:10.122608: W tensorflow/core/framework/op_kernel.cc:1857] OP_REQUIRES failed at transpose_op.cc:142 : INVALID_ARGUMENT: transpose expects a vector of size 0. But input(1) is a vector of size 7
2026-05-04 19:39:10.656269: W tensorflow/core/framework/op_kernel.cc:1857] OP_REQUIRES failed at transpose_op.cc:142 : INVALID_ARGUMENT: transpose expects a vector of size 0. But input(1) is a vector of size 7
2026-05-04 19:39:11.190679: W tensorflow/core/framework/op_kernel.cc:1857] OP_REQUIRES failed at transpose_op.cc:142 : INVALID_ARGUMENT: transpose expects a vector of size 0. But input(1) is a vector of size 7
2026-05-04 19:39:11.724391: W tensorflow/core/framework/op_kernel.cc:1857] OP_REQUIRES failed at transpose_op.cc:142 : INVALID_ARGUMENT: transpose expects a vector of size 0. But input(1) is a vector of size 7
2026-05-04 19:39:12.257313: W tensorflow/core/framework/op_kernel.cc:1857] OP_REQUIRES failed at transpose_op.cc:142 : INVALID_ARGUMENT: transpose expects a vector of size 0. But input(1) is a vector of size 7
2026-05-04 19:39:12.792533: W tensorflow/core/framework/op_kernel.cc:1857] OP_REQUIRES failed at transpose_op.cc:142 : INVALID_ARGUMENT: transpose expects a vector of size 0. But input(1) is a vector of size 7
2026-05-04 19:39:13.319193: W tensorflow/core/framework/op_kernel.cc:1857] OP_REQUIRES failed at transpose_op.cc:142 : INVALID_ARGUMENT: transpose expects a vector of size 0. But input(1) is a vector of size 7
2026-05-04 19:39:13.844627: W tensorflow/core/framework/op_kernel.cc:1857] OP_REQUIRES failed at transpose_op.cc:142 : INVALID_ARGUMENT: transpose expects a vector of size 0. But input(1) is a vector of size 7
2026-05-04 19:40:38.190077: W tensorflow/core/framework/op_kernel.cc:1857] OP_REQUIRES failed at transpose_op.cc:142 : INVALID_ARGUMENT: transpose expects a vector of size 0. But input(1) is a vector of size 7
2026-05-04 19:40:38.715247: W tensorflow/core/framework/op_kernel.cc:1857] OP_REQUIRES failed at transpose_op.cc:142 : INVALID_ARGUMENT: transpose expects a vector of size 0. But input(1) is a vector of size 7
2026-05-04 19:40:39.238590: W tensorflow/core/framework/op_kernel.cc:1857] OP_REQUIRES failed at transpose_op.cc:142 : INVALID_ARGUMENT: transpose expects a vector of size 0. But input(1) is a vector of size 7
2026-05-04 19:40:39.762914: W tensorflow/core/framework/op_kernel.cc:1857] OP_REQUIRES failed at transpose_op.cc:142 : INVALID_ARGUMENT: transpose expects a vector of size 0. But input(1) is a vector of size 7
2026-05-04 19:40:40.287508: W tensorflow/core/framework/op_kernel.cc:1857] OP_REQUIRES failed at transpose_op.cc:142 : INVALID_ARGUMENT: transpose expects a vector of size 0. But input(1) is a vector of size 7
2026-05-04 19:40:40.814826: W tensorflow/core/framework/op_kernel.cc:1857] OP_REQUIRES failed at transpose_op.cc:142 : INVALID_ARGUMENT: transpose expects a vector of size 0. But input(1) is a vector of size 7
2026-05-04 19:40:41.341971: W tensorflow/core/framework/op_kernel.cc:1857] OP_REQUIRES failed at transpose_op.cc:142 : INVALID_ARGUMENT: transpose expects a vector of size 0. But input(1) is a vector of size 7
2026-05-04 19:40:41.874377: W tensorflow/core/framework/op_kernel.cc:1857] OP_REQUIRES failed at transpose_op.cc:142 : INVALID_ARGUMENT: transpose expects a vector of size 0. But input(1) is a vector of size 7
2026-05-04 19:40:42.401386: W tensorflow/core/framework/op_kernel.cc:1857] OP_REQUIRES failed at transpose_op.cc:142 : INVALID_ARGUMENT: transpose expects a vector of size 0. But input(1) is a vector of size 7
2026-05-04 19:40:42.925048: W tensorflow/core/framework/op_kernel.cc:1857] OP_REQUIRES failed at transpose_op.cc:142 : INVALID_ARGUMENT: transpose expects a vector of size 0. But input(1) is a vector of size 7
2026-05-04 19:40:43.453249: W tensorflow/core/framework/op_kernel.cc:1857] OP_REQUIRES failed at transpose_op.cc:142 : INVALID_ARGUMENT: transpose expects a vector of size 0. But input(1) is a vector of size 7
2026-05-04 19:40:43.984555: W tensorflow/core/framework/op_kernel.cc:1857] OP_REQUIRES failed at transpose_op.cc:142 : INVALID_ARGUMENT: transpose expects a vector of size 0. But input(1) is a vector of size 7
2026-05-04 19:40:44.513199: W tensorflow/core/framework/op_kernel.cc:1857] OP_REQUIRES failed at transpose_op.cc:142 : INVALID_ARGUMENT: transpose expects a vector of size 0. But input(1) is a vector of size 7
2026-05-04 19:40:45.036906: W tensorflow/core/framework/op_kernel.cc:1857] OP_REQUIRES failed at transpose_op.cc:142 : INVALID_ARGUMENT: transpose expects a vector of size 0. But input(1) is a vector of size 7
2026-05-04 19:40:45.560672: W tensorflow/core/framework/op_kernel.cc:1857] OP_REQUIRES failed at transpose_op.cc:142 : INVALID_ARGUMENT: transpose expects a vector of size 0. But input(1) is a vector of size 7
2026-05-04 19:40:46.085062: W tensorflow/core/framework/op_kernel.cc:1857] OP_REQUIRES failed at transpose_op.cc:142 : INVALID_ARGUMENT: transpose expects a vector of size 0. But input(1) is a vector of size 7
2026-05-04 19:40:46.615947: W tensorflow/core/framework/op_kernel.cc:1857] OP_REQUIRES failed at transpose_op.cc:142 : INVALID_ARGUMENT: transpose expects a vector of size 0. But input(1) is a vector of size 7
2026-05-04 19:40:47.146470: W tensorflow/core/framework/op_kernel.cc:1857] OP_REQUIRES failed at transpose_op.cc:142 : INVALID_ARGUMENT: transpose expects a vector of size 0. But input(1) is a vector of size 7
2026-05-04 19:40:47.676264: W tensorflow/core/framework/op_kernel.cc:1857] OP_REQUIRES failed at transpose_op.cc:142 : INVALID_ARGUMENT: transpose expects a vector of size 0. But input(1) is a vector of size 7
2026-05-04 19:40:48.200053: W tensorflow/core/framework/op_kernel.cc:1857] OP_REQUIRES failed at transpose_op.cc:142 : INVALID_ARGUMENT: transpose expects a vector of size 0. But input(1) is a vector of size 7
2026-05-04 19:40:48.727111: W tensorflow/core/framework/op_kernel.cc:1857] OP_REQUIRES failed at transpose_op.cc:142 : INVALID_ARGUMENT: transpose expects a vector of size 0. But input(1) is a vector of size 7
2026-05-04 19:40:49.258152: W tensorflow/core/framework/op_kernel.cc:1857] OP_REQUIRES failed at transpose_op.cc:142 : INVALID_ARGUMENT: transpose expects a vector of size 0. But input(1) is a vector of size 7
2026-05-04 19:40:49.784665: W tensorflow/core/framework/op_kernel.cc:1857] OP_REQUIRES failed at transpose_op.cc:142 : INVALID_ARGUMENT: transpose expects a vector of size 0. But input(1) is a vector of size 7
2026-05-04 19:40:50.318645: W tensorflow/core/framework/op_kernel.cc:1857] OP_REQUIRES failed at transpose_op.cc:142 : INVALID_ARGUMENT: transpose expects a vector of size 0. But input(1) is a vector of size 7
2026-05-04 19:40:50.848116: W tensorflow/core/framework/op_kernel.cc:1857] OP_REQUIRES failed at transpose_op.cc:142 : INVALID_ARGUMENT: transpose expects a vector of size 0. But input(1) is a vector of size 7
2026-05-04 19:40:51.381666: W tensorflow/core/framework/op_kernel.cc:1857] OP_REQUIRES failed at transpose_op.cc:142 : INVALID_ARGUMENT: transpose expects a vector of size 0. But input(1) is a vector of size 7
2026-05-04 19:40:51.915543: W tensorflow/core/framework/op_kernel.cc:1857] OP_REQUIRES failed at transpose_op.cc:142 : INVALID_ARGUMENT: transpose expects a vector of size 0. But input(1) is a vector of size 7
2026-05-04 19:40:52.447689: W tensorflow/core/framework/op_kernel.cc:1857] OP_REQUIRES failed at transpose_op.cc:142 : INVALID_ARGUMENT: transpose expects a vector of size 0. But input(1) is a vector of size 7
2026-05-04 19:40:52.976753: W tensorflow/core/framework/op_kernel.cc:1857] OP_REQUIRES failed at transpose_op.cc:142 : INVALID_ARGUMENT: transpose expects a vector of size 0. But input(1) is a vector of size 7
2026-05-04 19:40:53.506261: W tensorflow/core/framework/op_kernel.cc:1857] OP_REQUIRES failed at transpose_op.cc:142 : INVALID_ARGUMENT: transpose expects a vector of size 0. But input(1) is a vector of size 7
2026-05-04 19:40:54.040893: W tensorflow/core/framework/op_kernel.cc:1857] OP_REQUIRES failed at transpose_op.cc:142 : INVALID_ARGUMENT: transpose expects a vector of size 0. But input(1) is a vector of size 7
2026-05-04 19:40:54.580111: W tensorflow/core/framework/op_kernel.cc:1857] OP_REQUIRES failed at transpose_op.cc:142 : INVALID_ARGUMENT: transpose expects a vector of size 0. But input(1) is a vector of size 7
2026-05-04 19:42:19.043412: W tensorflow/core/framework/op_kernel.cc:1857] OP_REQUIRES failed at transpose_op.cc:142 : INVALID_ARGUMENT: transpose expects a vector of size 0. But input(1) is a vector of size 7
2026-05-04 19:42:19.579817: W tensorflow/core/framework/op_kernel.cc:1857] OP_REQUIRES failed at transpose_op.cc:142 : INVALID_ARGUMENT: transpose expects a vector of size 0. But input(1) is a vector of size 7
2026-05-04 19:42:20.111355: W tensorflow/core/framework/op_kernel.cc:1857] OP_REQUIRES failed at transpose_op.cc:142 : INVALID_ARGUMENT: transpose expects a vector of size 0. But input(1) is a vector of size 7
2026-05-04 19:42:20.640139: W tensorflow/core/framework/op_kernel.cc:1857] OP_REQUIRES failed at transpose_op.cc:142 : INVALID_ARGUMENT: transpose expects a vector of size 0. But input(1) is a vector of size 7
2026-05-04 19:42:21.167522: W tensorflow/core/framework/op_kernel.cc:1857] OP_REQUIRES failed at transpose_op.cc:142 : INVALID_ARGUMENT: transpose expects a vector of size 0. But input(1) is a vector of size 7
2026-05-04 19:42:21.701649: W tensorflow/core/framework/op_kernel.cc:1857] OP_REQUIRES failed at transpose_op.cc:142 : INVALID_ARGUMENT: transpose expects a vector of size 0. But input(1) is a vector of size 7
2026-05-04 19:42:22.236048: W tensorflow/core/framework/op_kernel.cc:1857] OP_REQUIRES failed at transpose_op.cc:142 : INVALID_ARGUMENT: transpose expects a vector of size 0. But input(1) is a vector of size 7
2026-05-04 19:42:22.768069: W tensorflow/core/framework/op_kernel.cc:1857] OP_REQUIRES failed at transpose_op.cc:142 : INVALID_ARGUMENT: transpose expects a vector of size 0. But input(1) is a vector of size 7
2026-05-04 19:42:23.297738: W tensorflow/core/framework/op_kernel.cc:1857] OP_REQUIRES failed at transpose_op.cc:142 : INVALID_ARGUMENT: transpose expects a vector of size 0. But input(1) is a vector of size 7
2026-05-04 19:42:23.827928: W tensorflow/core/framework/op_kernel.cc:1857] OP_REQUIRES failed at transpose_op.cc:142 : INVALID_ARGUMENT: transpose expects a vector of size 0. But input(1) is a vector of size 7
2026-05-04 19:42:24.357222: W tensorflow/core/framework/op_kernel.cc:1857] OP_REQUIRES failed at transpose_op.cc:142 : INVALID_ARGUMENT: transpose expects a vector of size 0. But input(1) is a vector of size 7
2026-05-04 19:42:24.893538: W tensorflow/core/framework/op_kernel.cc:1857] OP_REQUIRES failed at transpose_op.cc:142 : INVALID_ARGUMENT: transpose expects a vector of size 0. But input(1) is a vector of size 7
2026-05-04 19:42:25.427950: W tensorflow/core/framework/op_kernel.cc:1857] OP_REQUIRES failed at transpose_op.cc:142 : INVALID_ARGUMENT: transpose expects a vector of size 0. But input(1) is a vector of size 7
2026-05-04 19:42:25.957957: W tensorflow/core/framework/op_kernel.cc:1857] OP_REQUIRES failed at transpose_op.cc:142 : INVALID_ARGUMENT: transpose expects a vector of size 0. But input(1) is a vector of size 7
2026-05-04 19:42:26.490196: W tensorflow/core/framework/op_kernel.cc:1857] OP_REQUIRES failed at transpose_op.cc:142 : INVALID_ARGUMENT: transpose expects a vector of size 0. But input(1) is a vector of size 7
2026-05-04 19:42:27.021084: W tensorflow/core/framework/op_kernel.cc:1857] OP_REQUIRES failed at transpose_op.cc:142 : INVALID_ARGUMENT: transpose expects a vector of size 0. But input(1) is a vector of size 7
2026-05-04 19:42:27.550890: W tensorflow/core/framework/op_kernel.cc:1857] OP_REQUIRES failed at transpose_op.cc:142 : INVALID_ARGUMENT: transpose expects a vector of size 0. But input(1) is a vector of size 7
2026-05-04 19:42:28.077646: W tensorflow/core/framework/op_kernel.cc:1857] OP_REQUIRES failed at transpose_op.cc:142 : INVALID_ARGUMENT: transpose expects a vector of size 0. But input(1) is a vector of size 7
2026-05-04 19:42:28.603856: W tensorflow/core/framework/op_kernel.cc:1857] OP_REQUIRES failed at transpose_op.cc:142 : INVALID_ARGUMENT: transpose expects a vector of size 0. But input(1) is a vector of size 7
2026-05-04 19:42:29.135762: W tensorflow/core/framework/op_kernel.cc:1857] OP_REQUIRES failed at transpose_op.cc:142 : INVALID_ARGUMENT: transpose expects a vector of size 0. But input(1) is a vector of size 7
2026-05-04 19:42:29.667722: W tensorflow/core/framework/op_kernel.cc:1857] OP_REQUIRES failed at transpose_op.cc:142 : INVALID_ARGUMENT: transpose expects a vector of size 0. But input(1) is a vector of size 7
2026-05-04 19:42:30.202071: W tensorflow/core/framework/op_kernel.cc:1857] OP_REQUIRES failed at transpose_op.cc:142 : INVALID_ARGUMENT: transpose expects a vector of size 0. But input(1) is a vector of size 7
2026-05-04 19:42:30.735866: W tensorflow/core/framework/op_kernel.cc:1857] OP_REQUIRES failed at transpose_op.cc:142 : INVALID_ARGUMENT: transpose expects a vector of size 0. But input(1) is a vector of size 7
2026-05-04 19:42:31.267525: W tensorflow/core/framework/op_kernel.cc:1857] OP_REQUIRES failed at transpose_op.cc:142 : INVALID_ARGUMENT: transpose expects a vector of size 0. But input(1) is a vector of size 7
2026-05-04 19:42:31.798535: W tensorflow/core/framework/op_kernel.cc:1857] OP_REQUIRES failed at transpose_op.cc:142 : INVALID_ARGUMENT: transpose expects a vector of size 0. But input(1) is a vector of size 7
2026-05-04 19:42:32.329514: W tensorflow/core/framework/op_kernel.cc:1857] OP_REQUIRES failed at transpose_op.cc:142 : INVALID_ARGUMENT: transpose expects a vector of size 0. But input(1) is a vector of size 7
2026-05-04 19:42:32.860963: W tensorflow/core/framework/op_kernel.cc:1857] OP_REQUIRES failed at transpose_op.cc:142 : INVALID_ARGUMENT: transpose expects a vector of size 0. But input(1) is a vector of size 7
2026-05-04 19:42:33.393961: W tensorflow/core/framework/op_kernel.cc:1857] OP_REQUIRES failed at transpose_op.cc:142 : INVALID_ARGUMENT: transpose expects a vector of size 0. But input(1) is a vector of size 7
2026-05-04 19:42:33.924645: W tensorflow/core/framework/op_kernel.cc:1857] OP_REQUIRES failed at transpose_op.cc:142 : INVALID_ARGUMENT: transpose expects a vector of size 0. But input(1) is a vector of size 7
2026-05-04 19:42:34.458226: W tensorflow/core/framework/op_kernel.cc:1857] OP_REQUIRES failed at transpose_op.cc:142 : INVALID_ARGUMENT: transpose expects a vector of size 0. But input(1) is a vector of size 7
2026-05-04 19:42:34.988692: W tensorflow/core/framework/op_kernel.cc:1857] OP_REQUIRES failed at transpose_op.cc:142 : INVALID_ARGUMENT: transpose expects a vector of size 0. But input(1) is a vector of size 7
2026-05-04 19:42:35.519813: W tensorflow/core/framework/op_kernel.cc:1857] OP_REQUIRES failed at transpose_op.cc:142 : INVALID_ARGUMENT: transpose expects a vector of size 0. But input(1) is a vector of size 7
2026-05-04 19:43:59.953484: W tensorflow/core/framework/op_kernel.cc:1857] OP_REQUIRES failed at transpose_op.cc:142 : INVALID_ARGUMENT: transpose expects a vector of size 0. But input(1) is a vector of size 7
2026-05-04 19:44:00.484648: W tensorflow/core/framework/op_kernel.cc:1857] OP_REQUIRES failed at transpose_op.cc:142 : INVALID_ARGUMENT: transpose expects a vector of size 0. But input(1) is a vector of size 7
2026-05-04 19:44:01.013540: W tensorflow/core/framework/op_kernel.cc:1857] OP_REQUIRES failed at transpose_op.cc:142 : INVALID_ARGUMENT: transpose expects a vector of size 0. But input(1) is a vector of size 7
2026-05-04 19:44:01.545484: W tensorflow/core/framework/op_kernel.cc:1857] OP_REQUIRES failed at transpose_op.cc:142 : INVALID_ARGUMENT: transpose expects a vector of size 0. But input(1) is a vector of size 7
2026-05-04 19:44:02.078113: W tensorflow/core/framework/op_kernel.cc:1857] OP_REQUIRES failed at transpose_op.cc:142 : INVALID_ARGUMENT: transpose expects a vector of size 0. But input(1) is a vector of size 7
2026-05-04 19:44:02.609410: W tensorflow/core/framework/op_kernel.cc:1857] OP_REQUIRES failed at transpose_op.cc:142 : INVALID_ARGUMENT: transpose expects a vector of size 0. But input(1) is a vector of size 7
2026-05-04 19:44:03.135112: W tensorflow/core/framework/op_kernel.cc:1857] OP_REQUIRES failed at transpose_op.cc:142 : INVALID_ARGUMENT: transpose expects a vector of size 0. But input(1) is a vector of size 7
2026-05-04 19:44:03.659710: W tensorflow/core/framework/op_kernel.cc:1857] OP_REQUIRES failed at transpose_op.cc:142 : INVALID_ARGUMENT: transpose expects a vector of size 0. But input(1) is a vector of size 7
2026-05-04 19:44:04.186046: W tensorflow/core/framework/op_kernel.cc:1857] OP_REQUIRES failed at transpose_op.cc:142 : INVALID_ARGUMENT: transpose expects a vector of size 0. But input(1) is a vector of size 7
2026-05-04 19:44:04.710533: W tensorflow/core/framework/op_kernel.cc:1857] OP_REQUIRES failed at transpose_op.cc:142 : INVALID_ARGUMENT: transpose expects a vector of size 0. But input(1) is a vector of size 7
2026-05-04 19:44:05.238481: W tensorflow/core/framework/op_kernel.cc:1857] OP_REQUIRES failed at transpose_op.cc:142 : INVALID_ARGUMENT: transpose expects a vector of size 0. But input(1) is a vector of size 7
2026-05-04 19:44:05.766564: W tensorflow/core/framework/op_kernel.cc:1857] OP_REQUIRES failed at transpose_op.cc:142 : INVALID_ARGUMENT: transpose expects a vector of size 0. But input(1) is a vector of size 7
2026-05-04 19:44:06.299727: W tensorflow/core/framework/op_kernel.cc:1857] OP_REQUIRES failed at transpose_op.cc:142 : INVALID_ARGUMENT: transpose expects a vector of size 0. But input(1) is a vector of size 7
2026-05-04 19:44:06.825673: W tensorflow/core/framework/op_kernel.cc:1857] OP_REQUIRES failed at transpose_op.cc:142 : INVALID_ARGUMENT: transpose expects a vector of size 0. But input(1) is a vector of size 7
2026-05-04 19:44:07.349635: W tensorflow/core/framework/op_kernel.cc:1857] OP_REQUIRES failed at transpose_op.cc:142 : INVALID_ARGUMENT: transpose expects a vector of size 0. But input(1) is a vector of size 7
2026-05-04 19:44:07.875754: W tensorflow/core/framework/op_kernel.cc:1857] OP_REQUIRES failed at transpose_op.cc:142 : INVALID_ARGUMENT: transpose expects a vector of size 0. But input(1) is a vector of size 7
2026-05-04 19:44:08.405058: W tensorflow/core/framework/op_kernel.cc:1857] OP_REQUIRES failed at transpose_op.cc:142 : INVALID_ARGUMENT: transpose expects a vector of size 0. But input(1) is a vector of size 7
2026-05-04 19:44:08.931297: W tensorflow/core/framework/op_kernel.cc:1857] OP_REQUIRES failed at transpose_op.cc:142 : INVALID_ARGUMENT: transpose expects a vector of size 0. But input(1) is a vector of size 7
2026-05-04 19:44:09.457227: W tensorflow/core/framework/op_kernel.cc:1857] OP_REQUIRES failed at transpose_op.cc:142 : INVALID_ARGUMENT: transpose expects a vector of size 0. But input(1) is a vector of size 7
2026-05-04 19:44:09.982343: W tensorflow/core/framework/op_kernel.cc:1857] OP_REQUIRES failed at transpose_op.cc:142 : INVALID_ARGUMENT: transpose expects a vector of size 0. But input(1) is a vector of size 7
2026-05-04 19:44:10.507268: W tensorflow/core/framework/op_kernel.cc:1857] OP_REQUIRES failed at transpose_op.cc:142 : INVALID_ARGUMENT: transpose expects a vector of size 0. But input(1) is a vector of size 7
2026-05-04 19:44:11.033146: W tensorflow/core/framework/op_kernel.cc:1857] OP_REQUIRES failed at transpose_op.cc:142 : INVALID_ARGUMENT: transpose expects a vector of size 0. But input(1) is a vector of size 7
2026-05-04 19:44:11.557714: W tensorflow/core/framework/op_kernel.cc:1857] OP_REQUIRES failed at transpose_op.cc:142 : INVALID_ARGUMENT: transpose expects a vector of size 0. But input(1) is a vector of size 7
2026-05-04 19:44:12.080555: W tensorflow/core/framework/op_kernel.cc:1857] OP_REQUIRES failed at transpose_op.cc:142 : INVALID_ARGUMENT: transpose expects a vector of size 0. But input(1) is a vector of size 7
2026-05-04 19:44:12.605528: W tensorflow/core/framework/op_kernel.cc:1857] OP_REQUIRES failed at transpose_op.cc:142 : INVALID_ARGUMENT: transpose expects a vector of size 0. But input(1) is a vector of size 7
2026-05-04 19:44:13.132589: W tensorflow/core/framework/op_kernel.cc:1857] OP_REQUIRES failed at transpose_op.cc:142 : INVALID_ARGUMENT: transpose expects a vector of size 0. But input(1) is a vector of size 7
2026-05-04 19:44:13.659675: W tensorflow/core/framework/op_kernel.cc:1857] OP_REQUIRES failed at transpose_op.cc:142 : INVALID_ARGUMENT: transpose expects a vector of size 0. But input(1) is a vector of size 7
2026-05-04 19:44:14.188333: W tensorflow/core/framework/op_kernel.cc:1857] OP_REQUIRES failed at transpose_op.cc:142 : INVALID_ARGUMENT: transpose expects a vector of size 0. But input(1) is a vector of size 7
2026-05-04 19:44:14.714462: W tensorflow/core/framework/op_kernel.cc:1857] OP_REQUIRES failed at transpose_op.cc:142 : INVALID_ARGUMENT: transpose expects a vector of size 0. But input(1) is a vector of size 7
2026-05-04 19:44:15.240157: W tensorflow/core/framework/op_kernel.cc:1857] OP_REQUIRES failed at transpose_op.cc:142 : INVALID_ARGUMENT: transpose expects a vector of size 0. But input(1) is a vector of size 7
2026-05-04 19:44:15.775161: W tensorflow/core/framework/op_kernel.cc:1857] OP_REQUIRES failed at transpose_op.cc:142 : INVALID_ARGUMENT: transpose expects a vector of size 0. But input(1) is a vector of size 7
2026-05-04 19:44:16.309086: W tensorflow/core/framework/op_kernel.cc:1857] OP_REQUIRES failed at transpose_op.cc:142 : INVALID_ARGUMENT: transpose expects a vector of size 0. But input(1) is a vector of size 7
2026-05-04 19:45:40.675175: W tensorflow/core/framework/op_kernel.cc:1857] OP_REQUIRES failed at transpose_op.cc:142 : INVALID_ARGUMENT: transpose expects a vector of size 0. But input(1) is a vector of size 7
2026-05-04 19:45:41.204255: W tensorflow/core/framework/op_kernel.cc:1857] OP_REQUIRES failed at transpose_op.cc:142 : INVALID_ARGUMENT: transpose expects a vector of size 0. But input(1) is a vector of size 7
2026-05-04 19:45:41.733919: W tensorflow/core/framework/op_kernel.cc:1857] OP_REQUIRES failed at transpose_op.cc:142 : INVALID_ARGUMENT: transpose expects a vector of size 0. But input(1) is a vector of size 7
2026-05-04 19:45:42.264399: W tensorflow/core/framework/op_kernel.cc:1857] OP_REQUIRES failed at transpose_op.cc:142 : INVALID_ARGUMENT: transpose expects a vector of size 0. But input(1) is a vector of size 7
2026-05-04 19:45:42.794668: W tensorflow/core/framework/op_kernel.cc:1857] OP_REQUIRES failed at transpose_op.cc:142 : INVALID_ARGUMENT: transpose expects a vector of size 0. But input(1) is a vector of size 7
2026-05-04 19:45:43.323401: W tensorflow/core/framework/op_kernel.cc:1857] OP_REQUIRES failed at transpose_op.cc:142 : INVALID_ARGUMENT: transpose expects a vector of size 0. But input(1) is a vector of size 7
2026-05-04 19:45:43.855140: W tensorflow/core/framework/op_kernel.cc:1857] OP_REQUIRES failed at transpose_op.cc:142 : INVALID_ARGUMENT: transpose expects a vector of size 0. But input(1) is a vector of size 7
2026-05-04 19:45:44.384176: W tensorflow/core/framework/op_kernel.cc:1857] OP_REQUIRES failed at transpose_op.cc:142 : INVALID_ARGUMENT: transpose expects a vector of size 0. But input(1) is a vector of size 7
2026-05-04 19:45:44.914369: W tensorflow/core/framework/op_kernel.cc:1857] OP_REQUIRES failed at transpose_op.cc:142 : INVALID_ARGUMENT: transpose expects a vector of size 0. But input(1) is a vector of size 7
2026-05-04 19:45:45.448906: W tensorflow/core/framework/op_kernel.cc:1857] OP_REQUIRES failed at transpose_op.cc:142 : INVALID_ARGUMENT: transpose expects a vector of size 0. But input(1) is a vector of size 7
2026-05-04 19:45:45.981540: W tensorflow/core/framework/op_kernel.cc:1857] OP_REQUIRES failed at transpose_op.cc:142 : INVALID_ARGUMENT: transpose expects a vector of size 0. But input(1) is a vector of size 7
2026-05-04 19:45:46.511527: W tensorflow/core/framework/op_kernel.cc:1857] OP_REQUIRES failed at transpose_op.cc:142 : INVALID_ARGUMENT: transpose expects a vector of size 0. But input(1) is a vector of size 7
2026-05-04 19:45:47.044776: W tensorflow/core/framework/op_kernel.cc:1857] OP_REQUIRES failed at transpose_op.cc:142 : INVALID_ARGUMENT: transpose expects a vector of size 0. But input(1) is a vector of size 7
2026-05-04 19:45:47.576664: W tensorflow/core/framework/op_kernel.cc:1857] OP_REQUIRES failed at transpose_op.cc:142 : INVALID_ARGUMENT: transpose expects a vector of size 0. But input(1) is a vector of size 7
2026-05-04 19:45:48.107204: W tensorflow/core/framework/op_kernel.cc:1857] OP_REQUIRES failed at transpose_op.cc:142 : INVALID_ARGUMENT: transpose expects a vector of size 0. But input(1) is a vector of size 7
2026-05-04 19:45:48.638283: W tensorflow/core/framework/op_kernel.cc:1857] OP_REQUIRES failed at transpose_op.cc:142 : INVALID_ARGUMENT: transpose expects a vector of size 0. But input(1) is a vector of size 7
2026-05-04 19:45:49.167892: W tensorflow/core/framework/op_kernel.cc:1857] OP_REQUIRES failed at transpose_op.cc:142 : INVALID_ARGUMENT: transpose expects a vector of size 0. But input(1) is a vector of size 7
2026-05-04 19:45:49.696488: W tensorflow/core/framework/op_kernel.cc:1857] OP_REQUIRES failed at transpose_op.cc:142 : INVALID_ARGUMENT: transpose expects a vector of size 0. But input(1) is a vector of size 7
2026-05-04 19:45:50.224905: W tensorflow/core/framework/op_kernel.cc:1857] OP_REQUIRES failed at transpose_op.cc:142 : INVALID_ARGUMENT: transpose expects a vector of size 0. But input(1) is a vector of size 7
2026-05-04 19:45:50.758764: W tensorflow/core/framework/op_kernel.cc:1857] OP_REQUIRES failed at transpose_op.cc:142 : INVALID_ARGUMENT: transpose expects a vector of size 0. But input(1) is a vector of size 7
2026-05-04 19:45:51.294240: W tensorflow/core/framework/op_kernel.cc:1857] OP_REQUIRES failed at transpose_op.cc:142 : INVALID_ARGUMENT: transpose expects a vector of size 0. But input(1) is a vector of size 7
2026-05-04 19:45:51.830808: W tensorflow/core/framework/op_kernel.cc:1857] OP_REQUIRES failed at transpose_op.cc:142 : INVALID_ARGUMENT: transpose expects a vector of size 0. But input(1) is a vector of size 7
2026-05-04 19:45:52.364837: W tensorflow/core/framework/op_kernel.cc:1857] OP_REQUIRES failed at transpose_op.cc:142 : INVALID_ARGUMENT: transpose expects a vector of size 0. But input(1) is a vector of size 7
2026-05-04 19:45:52.896038: W tensorflow/core/framework/op_kernel.cc:1857] OP_REQUIRES failed at transpose_op.cc:142 : INVALID_ARGUMENT: transpose expects a vector of size 0. But input(1) is a vector of size 7
2026-05-04 19:45:53.424756: W tensorflow/core/framework/op_kernel.cc:1857] OP_REQUIRES failed at transpose_op.cc:142 : INVALID_ARGUMENT: transpose expects a vector of size 0. But input(1) is a vector of size 7
2026-05-04 19:45:53.953781: W tensorflow/core/framework/op_kernel.cc:1857] OP_REQUIRES failed at transpose_op.cc:142 : INVALID_ARGUMENT: transpose expects a vector of size 0. But input(1) is a vector of size 7
2026-05-04 19:45:54.484778: W tensorflow/core/framework/op_kernel.cc:1857] OP_REQUIRES failed at transpose_op.cc:142 : INVALID_ARGUMENT: transpose expects a vector of size 0. But input(1) is a vector of size 7
2026-05-04 19:45:55.013971: W tensorflow/core/framework/op_kernel.cc:1857] OP_REQUIRES failed at transpose_op.cc:142 : INVALID_ARGUMENT: transpose expects a vector of size 0. But input(1) is a vector of size 7
2026-05-04 19:45:55.545314: W tensorflow/core/framework/op_kernel.cc:1857] OP_REQUIRES failed at transpose_op.cc:142 : INVALID_ARGUMENT: transpose expects a vector of size 0. But input(1) is a vector of size 7
2026-05-04 19:45:56.075413: W tensorflow/core/framework/op_kernel.cc:1857] OP_REQUIRES failed at transpose_op.cc:142 : INVALID_ARGUMENT: transpose expects a vector of size 0. But input(1) is a vector of size 7
2026-05-04 19:45:56.604427: W tensorflow/core/framework/op_kernel.cc:1857] OP_REQUIRES failed at transpose_op.cc:142 : INVALID_ARGUMENT: transpose expects a vector of size 0. But input(1) is a vector of size 7
2026-05-04 19:45:57.140099: W tensorflow/core/framework/op_kernel.cc:1857] OP_REQUIRES failed at transpose_op.cc:142 : INVALID_ARGUMENT: transpose expects a vector of size 0. But input(1) is a vector of size 7
slurmstepd: error: *** JOB 60395278 ON ng10805 CANCELLED AT 2026-05-04T23:46:57 ***
[SLURM] received pre-timeout signal; forwarding TERM to Python worker 2562028
2026-05-04 19:47:21.763809: W tensorflow/core/framework/op_kernel.cc:1857] OP_REQUIRES failed at transpose_op.cc:142 : INVALID_ARGUMENT: transpose expects a vector of size 0. But input(1) is a vector of size 7
2026-05-04 19:47:22.295286: W tensorflow/core/framework/op_kernel.cc:1857] OP_REQUIRES failed at transpose_op.cc:142 : INVALID_ARGUMENT: transpose expects a vector of size 0. But input(1) is a vector of size 7
2026-05-04 19:47:22.829679: W tensorflow/core/framework/op_kernel.cc:1857] OP_REQUIRES failed at transpose_op.cc:142 : INVALID_ARGUMENT: transpose expects a vector of size 0. But input(1) is a vector of size 7
2026-05-04 19:47:23.364589: W tensorflow/core/framework/op_kernel.cc:1857] OP_REQUIRES failed at transpose_op.cc:142 : INVALID_ARGUMENT: transpose expects a vector of size 0. But input(1) is a vector of size 7
2026-05-04 19:47:23.897525: W tensorflow/core/framework/op_kernel.cc:1857] OP_REQUIRES failed at transpose_op.cc:142 : INVALID_ARGUMENT: transpose expects a vector of size 0. But input(1) is a vector of size 7
2026-05-04 19:47:24.429857: W tensorflow/core/framework/op_kernel.cc:1857] OP_REQUIRES failed at transpose_op.cc:142 : INVALID_ARGUMENT: transpose expects a vector of size 0. But input(1) is a vector of size 7
2026-05-04 19:47:24.960513: W tensorflow/core/framework/op_kernel.cc:1857] OP_REQUIRES failed at transpose_op.cc:142 : INVALID_ARGUMENT: transpose expects a vector of size 0. But input(1) is a vector of size 7
2026-05-04 19:47:25.490723: W tensorflow/core/framework/op_kernel.cc:1857] OP_REQUIRES failed at transpose_op.cc:142 : INVALID_ARGUMENT: transpose expects a vector of size 0. But input(1) is a vector of size 7
2026-05-04 19:47:26.021715: W tensorflow/core/framework/op_kernel.cc:1857] OP_REQUIRES failed at transpose_op.cc:142 : INVALID_ARGUMENT: transpose expects a vector of size 0. But input(1) is a vector of size 7
2026-05-04 19:47:26.554517: W tensorflow/core/framework/op_kernel.cc:1857] OP_REQUIRES failed at transpose_op.cc:142 : INVALID_ARGUMENT: transpose expects a vector of size 0. But input(1) is a vector of size 7
2026-05-04 19:47:27.084944: W tensorflow/core/framework/op_kernel.cc:1857] OP_REQUIRES failed at transpose_op.cc:142 : INVALID_ARGUMENT: transpose expects a vector of size 0. But input(1) is a vector of size 7
2026-05-04 19:47:27.616053: W tensorflow/core/framework/op_kernel.cc:1857] OP_REQUIRES failed at transpose_op.cc:142 : INVALID_ARGUMENT: transpose expects a vector of size 0. But input(1) is a vector of size 7
2026-05-04 19:47:28.145362: W tensorflow/core/framework/op_kernel.cc:1857] OP_REQUIRES failed at transpose_op.cc:142 : INVALID_ARGUMENT: transpose expects a vector of size 0. But input(1) is a vector of size 7
2026-05-04 19:47:28.672380: W tensorflow/core/framework/op_kernel.cc:1857] OP_REQUIRES failed at transpose_op.cc:142 : INVALID_ARGUMENT: transpose expects a vector of size 0. But input(1) is a vector of size 7
2026-05-04 19:47:29.197723: W tensorflow/core/framework/op_kernel.cc:1857] OP_REQUIRES failed at transpose_op.cc:142 : INVALID_ARGUMENT: transpose expects a vector of size 0. But input(1) is a vector of size 7
2026-05-04 19:47:29.723137: W tensorflow/core/framework/op_kernel.cc:1857] OP_REQUIRES failed at transpose_op.cc:142 : INVALID_ARGUMENT: transpose expects a vector of size 0. But input(1) is a vector of size 7
2026-05-04 19:47:30.254195: W tensorflow/core/framework/op_kernel.cc:1857] OP_REQUIRES failed at transpose_op.cc:142 : INVALID_ARGUMENT: transpose expects a vector of size 0. But input(1) is a vector of size 7
2026-05-04 19:47:30.788536: W tensorflow/core/framework/op_kernel.cc:1857] OP_REQUIRES failed at transpose_op.cc:142 : INVALID_ARGUMENT: transpose expects a vector of size 0. But input(1) is a vector of size 7
2026-05-04 19:47:31.319894: W tensorflow/core/framework/op_kernel.cc:1857] OP_REQUIRES failed at transpose_op.cc:142 : INVALID_ARGUMENT: transpose expects a vector of size 0. But input(1) is a vector of size 7
2026-05-04 19:47:31.854701: W tensorflow/core/framework/op_kernel.cc:1857] OP_REQUIRES failed at transpose_op.cc:142 : INVALID_ARGUMENT: transpose expects a vector of size 0. But input(1) is a vector of size 7
2026-05-04 19:47:32.388860: W tensorflow/core/framework/op_kernel.cc:1857] OP_REQUIRES failed at transpose_op.cc:142 : INVALID_ARGUMENT: transpose expects a vector of size 0. But input(1) is a vector of size 7
2026-05-04 19:47:32.919526: W tensorflow/core/framework/op_kernel.cc:1857] OP_REQUIRES failed at transpose_op.cc:142 : INVALID_ARGUMENT: transpose expects a vector of size 0. But input(1) is a vector of size 7
2026-05-04 19:47:33.447212: W tensorflow/core/framework/op_kernel.cc:1857] OP_REQUIRES failed at transpose_op.cc:142 : INVALID_ARGUMENT: transpose expects a vector of size 0. But input(1) is a vector of size 7
2026-05-04 19:47:33.970440: W tensorflow/core/framework/op_kernel.cc:1857] OP_REQUIRES failed at transpose_op.cc:142 : INVALID_ARGUMENT: transpose expects a vector of size 0. But input(1) is a vector of size 7
2026-05-04 19:47:34.492996: W tensorflow/core/framework/op_kernel.cc:1857] OP_REQUIRES failed at transpose_op.cc:142 : INVALID_ARGUMENT: transpose expects a vector of size 0. But input(1) is a vector of size 7
2026-05-04 19:47:35.021264: W tensorflow/core/framework/op_kernel.cc:1857] OP_REQUIRES failed at transpose_op.cc:142 : INVALID_ARGUMENT: transpose expects a vector of size 0. But input(1) is a vector of size 7
2026-05-04 19:47:35.550394: W tensorflow/core/framework/op_kernel.cc:1857] OP_REQUIRES failed at transpose_op.cc:142 : INVALID_ARGUMENT: transpose expects a vector of size 0. But input(1) is a vector of size 7
2026-05-04 19:47:36.079482: W tensorflow/core/framework/op_kernel.cc:1857] OP_REQUIRES failed at transpose_op.cc:142 : INVALID_ARGUMENT: transpose expects a vector of size 0. But input(1) is a vector of size 7
2026-05-04 19:47:36.610611: W tensorflow/core/framework/op_kernel.cc:1857] OP_REQUIRES failed at transpose_op.cc:142 : INVALID_ARGUMENT: transpose expects a vector of size 0. But input(1) is a vector of size 7
2026-05-04 19:47:37.137549: W tensorflow/core/framework/op_kernel.cc:1857] OP_REQUIRES failed at transpose_op.cc:142 : INVALID_ARGUMENT: transpose expects a vector of size 0. But input(1) is a vector of size 7
2026-05-04 19:47:37.663095: W tensorflow/core/framework/op_kernel.cc:1857] OP_REQUIRES failed at transpose_op.cc:142 : INVALID_ARGUMENT: transpose expects a vector of size 0. But input(1) is a vector of size 7
2026-05-04 19:47:38.191612: W tensorflow/core/framework/op_kernel.cc:1857] OP_REQUIRES failed at transpose_op.cc:142 : INVALID_ARGUMENT: transpose expects a vector of size 0. But input(1) is a vector of size 7
Evaluation stopped after saving resumable state. Resubmit the same Slurm array task to continue from the saved evaluation state.
