2026-05-04 16:46:46.768839: E external/local_xla/xla/stream_executor/cuda/cuda_fft.cc:467] Unable to register cuFFT factory: Attempting to register factory for plugin cuFFT when one has already been registered
WARNING: All log messages before absl::InitializeLog() is called are written to STDERR
E0000 00:00:1777927606.784578 2782507 cuda_dnn.cc:8579] Unable to register cuDNN factory: Attempting to register factory for plugin cuDNN when one has already been registered
E0000 00:00:1777927606.789374 2782507 cuda_blas.cc:1407] Unable to register cuBLAS factory: Attempting to register factory for plugin cuBLAS when one has already been registered
W0000 00:00:1777927606.804782 2782507 computation_placer.cc:177] computation placer already registered. Please check linkage and avoid linking the same target more than once.
W0000 00:00:1777927606.804830 2782507 computation_placer.cc:177] computation placer already registered. Please check linkage and avoid linking the same target more than once.
W0000 00:00:1777927606.804844 2782507 computation_placer.cc:177] computation placer already registered. Please check linkage and avoid linking the same target more than once.
W0000 00:00:1777927606.804855 2782507 computation_placer.cc:177] computation placer already registered. Please check linkage and avoid linking the same target more than once.
2026-05-04 16:51:17.960257: W tensorflow/core/common_runtime/gpu/gpu_bfc_allocator.cc:47] Overriding orig_value setting because the TF_FORCE_GPU_ALLOW_GROWTH environment variable is set. Original config value was 0.
I0000 00:00:1777927877.960325 2782507 gpu_process_state.cc:208] Using CUDA malloc Async allocator for GPU: 0
I0000 00:00:1777927877.962178 2782507 gpu_device.cc:2019] Created device /job:localhost/replica:0/task:0/device:GPU:0 with 38484 MB memory:  -> device: 0, name: NVIDIA A100-SXM4-40GB, pci bus id: 0000:41:00.0, compute capability: 8.0
E0000 00:00:1777927901.753231 2782507 meta_optimizer.cc:967] layout failed: INVALID_ARGUMENT: Size of values 0 does not match size of permutation 4 @ fanin shape inaxial_block_0_1/dropout_5/stateless_dropout/SelectV2-2-TransposeNHWCToNCHW-LayoutOptimizer
WARNING: All log messages before absl::InitializeLog() is called are written to STDERR
I0000 00:00:1777934216.549411 2782507 cuda_solvers.cc:175] Creating GpuSolver handles for stream 0x933ba30
I0000 00:00:1777934261.920832 2782507 cuda_dnn.cc:529] Loaded cuDNN version 91000
2026-05-04 18:38:28.274391: W tensorflow/core/framework/op_kernel.cc:1857] OP_REQUIRES failed at transpose_op.cc:142 : INVALID_ARGUMENT: transpose expects a vector of size 0. But input(1) is a vector of size 7
2026-05-04 18:38:28.817462: W tensorflow/core/framework/op_kernel.cc:1857] OP_REQUIRES failed at transpose_op.cc:142 : INVALID_ARGUMENT: transpose expects a vector of size 0. But input(1) is a vector of size 7
2026-05-04 18:38:29.355120: W tensorflow/core/framework/op_kernel.cc:1857] OP_REQUIRES failed at transpose_op.cc:142 : INVALID_ARGUMENT: transpose expects a vector of size 0. But input(1) is a vector of size 7
2026-05-04 18:38:29.890776: W tensorflow/core/framework/op_kernel.cc:1857] OP_REQUIRES failed at transpose_op.cc:142 : INVALID_ARGUMENT: transpose expects a vector of size 0. But input(1) is a vector of size 7
2026-05-04 18:38:30.424578: W tensorflow/core/framework/op_kernel.cc:1857] OP_REQUIRES failed at transpose_op.cc:142 : INVALID_ARGUMENT: transpose expects a vector of size 0. But input(1) is a vector of size 7
2026-05-04 18:38:30.959939: W tensorflow/core/framework/op_kernel.cc:1857] OP_REQUIRES failed at transpose_op.cc:142 : INVALID_ARGUMENT: transpose expects a vector of size 0. But input(1) is a vector of size 7
2026-05-04 18:38:31.502660: W tensorflow/core/framework/op_kernel.cc:1857] OP_REQUIRES failed at transpose_op.cc:142 : INVALID_ARGUMENT: transpose expects a vector of size 0. But input(1) is a vector of size 7
2026-05-04 18:38:32.052563: W tensorflow/core/framework/op_kernel.cc:1857] OP_REQUIRES failed at transpose_op.cc:142 : INVALID_ARGUMENT: transpose expects a vector of size 0. But input(1) is a vector of size 7
2026-05-04 18:38:32.592806: W tensorflow/core/framework/op_kernel.cc:1857] OP_REQUIRES failed at transpose_op.cc:142 : INVALID_ARGUMENT: transpose expects a vector of size 0. But input(1) is a vector of size 7
2026-05-04 18:38:33.126495: W tensorflow/core/framework/op_kernel.cc:1857] OP_REQUIRES failed at transpose_op.cc:142 : INVALID_ARGUMENT: transpose expects a vector of size 0. But input(1) is a vector of size 7
2026-05-04 18:38:33.668800: W tensorflow/core/framework/op_kernel.cc:1857] OP_REQUIRES failed at transpose_op.cc:142 : INVALID_ARGUMENT: transpose expects a vector of size 0. But input(1) is a vector of size 7
2026-05-04 18:38:34.212331: W tensorflow/core/framework/op_kernel.cc:1857] OP_REQUIRES failed at transpose_op.cc:142 : INVALID_ARGUMENT: transpose expects a vector of size 0. But input(1) is a vector of size 7
2026-05-04 18:38:34.760605: W tensorflow/core/framework/op_kernel.cc:1857] OP_REQUIRES failed at transpose_op.cc:142 : INVALID_ARGUMENT: transpose expects a vector of size 0. But input(1) is a vector of size 7
2026-05-04 18:38:35.309992: W tensorflow/core/framework/op_kernel.cc:1857] OP_REQUIRES failed at transpose_op.cc:142 : INVALID_ARGUMENT: transpose expects a vector of size 0. But input(1) is a vector of size 7
2026-05-04 18:38:35.858364: W tensorflow/core/framework/op_kernel.cc:1857] OP_REQUIRES failed at transpose_op.cc:142 : INVALID_ARGUMENT: transpose expects a vector of size 0. But input(1) is a vector of size 7
2026-05-04 18:38:36.406586: W tensorflow/core/framework/op_kernel.cc:1857] OP_REQUIRES failed at transpose_op.cc:142 : INVALID_ARGUMENT: transpose expects a vector of size 0. But input(1) is a vector of size 7
2026-05-04 18:38:36.948274: W tensorflow/core/framework/op_kernel.cc:1857] OP_REQUIRES failed at transpose_op.cc:142 : INVALID_ARGUMENT: transpose expects a vector of size 0. But input(1) is a vector of size 7
2026-05-04 18:38:37.494133: W tensorflow/core/framework/op_kernel.cc:1857] OP_REQUIRES failed at transpose_op.cc:142 : INVALID_ARGUMENT: transpose expects a vector of size 0. But input(1) is a vector of size 7
2026-05-04 18:38:38.040497: W tensorflow/core/framework/op_kernel.cc:1857] OP_REQUIRES failed at transpose_op.cc:142 : INVALID_ARGUMENT: transpose expects a vector of size 0. But input(1) is a vector of size 7
2026-05-04 18:38:38.588278: W tensorflow/core/framework/op_kernel.cc:1857] OP_REQUIRES failed at transpose_op.cc:142 : INVALID_ARGUMENT: transpose expects a vector of size 0. But input(1) is a vector of size 7
2026-05-04 18:38:39.136835: W tensorflow/core/framework/op_kernel.cc:1857] OP_REQUIRES failed at transpose_op.cc:142 : INVALID_ARGUMENT: transpose expects a vector of size 0. But input(1) is a vector of size 7
2026-05-04 18:38:39.681444: W tensorflow/core/framework/op_kernel.cc:1857] OP_REQUIRES failed at transpose_op.cc:142 : INVALID_ARGUMENT: transpose expects a vector of size 0. But input(1) is a vector of size 7
2026-05-04 18:38:40.228020: W tensorflow/core/framework/op_kernel.cc:1857] OP_REQUIRES failed at transpose_op.cc:142 : INVALID_ARGUMENT: transpose expects a vector of size 0. But input(1) is a vector of size 7
2026-05-04 18:38:40.773168: W tensorflow/core/framework/op_kernel.cc:1857] OP_REQUIRES failed at transpose_op.cc:142 : INVALID_ARGUMENT: transpose expects a vector of size 0. But input(1) is a vector of size 7
2026-05-04 18:38:41.319920: W tensorflow/core/framework/op_kernel.cc:1857] OP_REQUIRES failed at transpose_op.cc:142 : INVALID_ARGUMENT: transpose expects a vector of size 0. But input(1) is a vector of size 7
2026-05-04 18:38:41.866458: W tensorflow/core/framework/op_kernel.cc:1857] OP_REQUIRES failed at transpose_op.cc:142 : INVALID_ARGUMENT: transpose expects a vector of size 0. But input(1) is a vector of size 7
2026-05-04 18:38:42.407583: W tensorflow/core/framework/op_kernel.cc:1857] OP_REQUIRES failed at transpose_op.cc:142 : INVALID_ARGUMENT: transpose expects a vector of size 0. But input(1) is a vector of size 7
2026-05-04 18:38:42.946659: W tensorflow/core/framework/op_kernel.cc:1857] OP_REQUIRES failed at transpose_op.cc:142 : INVALID_ARGUMENT: transpose expects a vector of size 0. But input(1) is a vector of size 7
2026-05-04 18:38:43.485876: W tensorflow/core/framework/op_kernel.cc:1857] OP_REQUIRES failed at transpose_op.cc:142 : INVALID_ARGUMENT: transpose expects a vector of size 0. But input(1) is a vector of size 7
2026-05-04 18:38:44.031934: W tensorflow/core/framework/op_kernel.cc:1857] OP_REQUIRES failed at transpose_op.cc:142 : INVALID_ARGUMENT: transpose expects a vector of size 0. But input(1) is a vector of size 7
2026-05-04 18:38:44.576013: W tensorflow/core/framework/op_kernel.cc:1857] OP_REQUIRES failed at transpose_op.cc:142 : INVALID_ARGUMENT: transpose expects a vector of size 0. But input(1) is a vector of size 7
2026-05-04 18:38:45.121990: W tensorflow/core/framework/op_kernel.cc:1857] OP_REQUIRES failed at transpose_op.cc:142 : INVALID_ARGUMENT: transpose expects a vector of size 0. But input(1) is a vector of size 7
2026-05-04 18:40:11.452103: W tensorflow/core/framework/op_kernel.cc:1857] OP_REQUIRES failed at transpose_op.cc:142 : INVALID_ARGUMENT: transpose expects a vector of size 0. But input(1) is a vector of size 7
2026-05-04 18:40:11.997734: W tensorflow/core/framework/op_kernel.cc:1857] OP_REQUIRES failed at transpose_op.cc:142 : INVALID_ARGUMENT: transpose expects a vector of size 0. But input(1) is a vector of size 7
2026-05-04 18:40:12.543731: W tensorflow/core/framework/op_kernel.cc:1857] OP_REQUIRES failed at transpose_op.cc:142 : INVALID_ARGUMENT: transpose expects a vector of size 0. But input(1) is a vector of size 7
2026-05-04 18:40:13.088478: W tensorflow/core/framework/op_kernel.cc:1857] OP_REQUIRES failed at transpose_op.cc:142 : INVALID_ARGUMENT: transpose expects a vector of size 0. But input(1) is a vector of size 7
2026-05-04 18:40:13.635600: W tensorflow/core/framework/op_kernel.cc:1857] OP_REQUIRES failed at transpose_op.cc:142 : INVALID_ARGUMENT: transpose expects a vector of size 0. But input(1) is a vector of size 7
2026-05-04 18:40:14.183437: W tensorflow/core/framework/op_kernel.cc:1857] OP_REQUIRES failed at transpose_op.cc:142 : INVALID_ARGUMENT: transpose expects a vector of size 0. But input(1) is a vector of size 7
2026-05-04 18:40:14.730007: W tensorflow/core/framework/op_kernel.cc:1857] OP_REQUIRES failed at transpose_op.cc:142 : INVALID_ARGUMENT: transpose expects a vector of size 0. But input(1) is a vector of size 7
2026-05-04 18:40:15.277562: W tensorflow/core/framework/op_kernel.cc:1857] OP_REQUIRES failed at transpose_op.cc:142 : INVALID_ARGUMENT: transpose expects a vector of size 0. But input(1) is a vector of size 7
2026-05-04 18:40:15.818331: W tensorflow/core/framework/op_kernel.cc:1857] OP_REQUIRES failed at transpose_op.cc:142 : INVALID_ARGUMENT: transpose expects a vector of size 0. But input(1) is a vector of size 7
2026-05-04 18:40:16.362908: W tensorflow/core/framework/op_kernel.cc:1857] OP_REQUIRES failed at transpose_op.cc:142 : INVALID_ARGUMENT: transpose expects a vector of size 0. But input(1) is a vector of size 7
2026-05-04 18:40:16.906442: W tensorflow/core/framework/op_kernel.cc:1857] OP_REQUIRES failed at transpose_op.cc:142 : INVALID_ARGUMENT: transpose expects a vector of size 0. But input(1) is a vector of size 7
2026-05-04 18:40:17.450628: W tensorflow/core/framework/op_kernel.cc:1857] OP_REQUIRES failed at transpose_op.cc:142 : INVALID_ARGUMENT: transpose expects a vector of size 0. But input(1) is a vector of size 7
2026-05-04 18:40:17.994136: W tensorflow/core/framework/op_kernel.cc:1857] OP_REQUIRES failed at transpose_op.cc:142 : INVALID_ARGUMENT: transpose expects a vector of size 0. But input(1) is a vector of size 7
2026-05-04 18:40:18.537354: W tensorflow/core/framework/op_kernel.cc:1857] OP_REQUIRES failed at transpose_op.cc:142 : INVALID_ARGUMENT: transpose expects a vector of size 0. But input(1) is a vector of size 7
2026-05-04 18:40:19.079076: W tensorflow/core/framework/op_kernel.cc:1857] OP_REQUIRES failed at transpose_op.cc:142 : INVALID_ARGUMENT: transpose expects a vector of size 0. But input(1) is a vector of size 7
2026-05-04 18:40:19.617765: W tensorflow/core/framework/op_kernel.cc:1857] OP_REQUIRES failed at transpose_op.cc:142 : INVALID_ARGUMENT: transpose expects a vector of size 0. But input(1) is a vector of size 7
2026-05-04 18:40:20.151446: W tensorflow/core/framework/op_kernel.cc:1857] OP_REQUIRES failed at transpose_op.cc:142 : INVALID_ARGUMENT: transpose expects a vector of size 0. But input(1) is a vector of size 7
2026-05-04 18:40:20.700782: W tensorflow/core/framework/op_kernel.cc:1857] OP_REQUIRES failed at transpose_op.cc:142 : INVALID_ARGUMENT: transpose expects a vector of size 0. But input(1) is a vector of size 7
2026-05-04 18:40:21.238093: W tensorflow/core/framework/op_kernel.cc:1857] OP_REQUIRES failed at transpose_op.cc:142 : INVALID_ARGUMENT: transpose expects a vector of size 0. But input(1) is a vector of size 7
2026-05-04 18:40:21.774347: W tensorflow/core/framework/op_kernel.cc:1857] OP_REQUIRES failed at transpose_op.cc:142 : INVALID_ARGUMENT: transpose expects a vector of size 0. But input(1) is a vector of size 7
2026-05-04 18:40:22.309540: W tensorflow/core/framework/op_kernel.cc:1857] OP_REQUIRES failed at transpose_op.cc:142 : INVALID_ARGUMENT: transpose expects a vector of size 0. But input(1) is a vector of size 7
2026-05-04 18:40:22.846028: W tensorflow/core/framework/op_kernel.cc:1857] OP_REQUIRES failed at transpose_op.cc:142 : INVALID_ARGUMENT: transpose expects a vector of size 0. But input(1) is a vector of size 7
2026-05-04 18:40:23.381373: W tensorflow/core/framework/op_kernel.cc:1857] OP_REQUIRES failed at transpose_op.cc:142 : INVALID_ARGUMENT: transpose expects a vector of size 0. But input(1) is a vector of size 7
2026-05-04 18:40:23.927989: W tensorflow/core/framework/op_kernel.cc:1857] OP_REQUIRES failed at transpose_op.cc:142 : INVALID_ARGUMENT: transpose expects a vector of size 0. But input(1) is a vector of size 7
2026-05-04 18:40:24.475309: W tensorflow/core/framework/op_kernel.cc:1857] OP_REQUIRES failed at transpose_op.cc:142 : INVALID_ARGUMENT: transpose expects a vector of size 0. But input(1) is a vector of size 7
2026-05-04 18:40:25.020873: W tensorflow/core/framework/op_kernel.cc:1857] OP_REQUIRES failed at transpose_op.cc:142 : INVALID_ARGUMENT: transpose expects a vector of size 0. But input(1) is a vector of size 7
2026-05-04 18:40:25.555101: W tensorflow/core/framework/op_kernel.cc:1857] OP_REQUIRES failed at transpose_op.cc:142 : INVALID_ARGUMENT: transpose expects a vector of size 0. But input(1) is a vector of size 7
2026-05-04 18:40:26.095094: W tensorflow/core/framework/op_kernel.cc:1857] OP_REQUIRES failed at transpose_op.cc:142 : INVALID_ARGUMENT: transpose expects a vector of size 0. But input(1) is a vector of size 7
2026-05-04 18:40:26.633730: W tensorflow/core/framework/op_kernel.cc:1857] OP_REQUIRES failed at transpose_op.cc:142 : INVALID_ARGUMENT: transpose expects a vector of size 0. But input(1) is a vector of size 7
2026-05-04 18:40:27.169552: W tensorflow/core/framework/op_kernel.cc:1857] OP_REQUIRES failed at transpose_op.cc:142 : INVALID_ARGUMENT: transpose expects a vector of size 0. But input(1) is a vector of size 7
2026-05-04 18:40:27.708814: W tensorflow/core/framework/op_kernel.cc:1857] OP_REQUIRES failed at transpose_op.cc:142 : INVALID_ARGUMENT: transpose expects a vector of size 0. But input(1) is a vector of size 7
2026-05-04 18:40:28.245706: W tensorflow/core/framework/op_kernel.cc:1857] OP_REQUIRES failed at transpose_op.cc:142 : INVALID_ARGUMENT: transpose expects a vector of size 0. But input(1) is a vector of size 7
2026-05-04 18:41:53.879173: W tensorflow/core/framework/op_kernel.cc:1857] OP_REQUIRES failed at transpose_op.cc:142 : INVALID_ARGUMENT: transpose expects a vector of size 0. But input(1) is a vector of size 7
2026-05-04 18:41:54.421714: W tensorflow/core/framework/op_kernel.cc:1857] OP_REQUIRES failed at transpose_op.cc:142 : INVALID_ARGUMENT: transpose expects a vector of size 0. But input(1) is a vector of size 7
2026-05-04 18:41:54.971288: W tensorflow/core/framework/op_kernel.cc:1857] OP_REQUIRES failed at transpose_op.cc:142 : INVALID_ARGUMENT: transpose expects a vector of size 0. But input(1) is a vector of size 7
2026-05-04 18:41:55.518264: W tensorflow/core/framework/op_kernel.cc:1857] OP_REQUIRES failed at transpose_op.cc:142 : INVALID_ARGUMENT: transpose expects a vector of size 0. But input(1) is a vector of size 7
2026-05-04 18:41:56.063110: W tensorflow/core/framework/op_kernel.cc:1857] OP_REQUIRES failed at transpose_op.cc:142 : INVALID_ARGUMENT: transpose expects a vector of size 0. But input(1) is a vector of size 7
2026-05-04 18:41:56.605981: W tensorflow/core/framework/op_kernel.cc:1857] OP_REQUIRES failed at transpose_op.cc:142 : INVALID_ARGUMENT: transpose expects a vector of size 0. But input(1) is a vector of size 7
2026-05-04 18:41:57.148625: W tensorflow/core/framework/op_kernel.cc:1857] OP_REQUIRES failed at transpose_op.cc:142 : INVALID_ARGUMENT: transpose expects a vector of size 0. But input(1) is a vector of size 7
2026-05-04 18:41:57.690364: W tensorflow/core/framework/op_kernel.cc:1857] OP_REQUIRES failed at transpose_op.cc:142 : INVALID_ARGUMENT: transpose expects a vector of size 0. But input(1) is a vector of size 7
2026-05-04 18:41:58.231584: W tensorflow/core/framework/op_kernel.cc:1857] OP_REQUIRES failed at transpose_op.cc:142 : INVALID_ARGUMENT: transpose expects a vector of size 0. But input(1) is a vector of size 7
2026-05-04 18:41:58.774368: W tensorflow/core/framework/op_kernel.cc:1857] OP_REQUIRES failed at transpose_op.cc:142 : INVALID_ARGUMENT: transpose expects a vector of size 0. But input(1) is a vector of size 7
2026-05-04 18:41:59.312942: W tensorflow/core/framework/op_kernel.cc:1857] OP_REQUIRES failed at transpose_op.cc:142 : INVALID_ARGUMENT: transpose expects a vector of size 0. But input(1) is a vector of size 7
2026-05-04 18:41:59.856850: W tensorflow/core/framework/op_kernel.cc:1857] OP_REQUIRES failed at transpose_op.cc:142 : INVALID_ARGUMENT: transpose expects a vector of size 0. But input(1) is a vector of size 7
2026-05-04 18:42:00.398682: W tensorflow/core/framework/op_kernel.cc:1857] OP_REQUIRES failed at transpose_op.cc:142 : INVALID_ARGUMENT: transpose expects a vector of size 0. But input(1) is a vector of size 7
2026-05-04 18:42:00.938764: W tensorflow/core/framework/op_kernel.cc:1857] OP_REQUIRES failed at transpose_op.cc:142 : INVALID_ARGUMENT: transpose expects a vector of size 0. But input(1) is a vector of size 7
2026-05-04 18:42:01.482890: W tensorflow/core/framework/op_kernel.cc:1857] OP_REQUIRES failed at transpose_op.cc:142 : INVALID_ARGUMENT: transpose expects a vector of size 0. But input(1) is a vector of size 7
2026-05-04 18:42:02.022247: W tensorflow/core/framework/op_kernel.cc:1857] OP_REQUIRES failed at transpose_op.cc:142 : INVALID_ARGUMENT: transpose expects a vector of size 0. But input(1) is a vector of size 7
2026-05-04 18:42:02.565320: W tensorflow/core/framework/op_kernel.cc:1857] OP_REQUIRES failed at transpose_op.cc:142 : INVALID_ARGUMENT: transpose expects a vector of size 0. But input(1) is a vector of size 7
2026-05-04 18:42:03.104190: W tensorflow/core/framework/op_kernel.cc:1857] OP_REQUIRES failed at transpose_op.cc:142 : INVALID_ARGUMENT: transpose expects a vector of size 0. But input(1) is a vector of size 7
2026-05-04 18:42:03.648186: W tensorflow/core/framework/op_kernel.cc:1857] OP_REQUIRES failed at transpose_op.cc:142 : INVALID_ARGUMENT: transpose expects a vector of size 0. But input(1) is a vector of size 7
2026-05-04 18:42:04.194966: W tensorflow/core/framework/op_kernel.cc:1857] OP_REQUIRES failed at transpose_op.cc:142 : INVALID_ARGUMENT: transpose expects a vector of size 0. But input(1) is a vector of size 7
2026-05-04 18:42:04.743061: W tensorflow/core/framework/op_kernel.cc:1857] OP_REQUIRES failed at transpose_op.cc:142 : INVALID_ARGUMENT: transpose expects a vector of size 0. But input(1) is a vector of size 7
2026-05-04 18:42:05.290014: W tensorflow/core/framework/op_kernel.cc:1857] OP_REQUIRES failed at transpose_op.cc:142 : INVALID_ARGUMENT: transpose expects a vector of size 0. But input(1) is a vector of size 7
2026-05-04 18:42:05.838854: W tensorflow/core/framework/op_kernel.cc:1857] OP_REQUIRES failed at transpose_op.cc:142 : INVALID_ARGUMENT: transpose expects a vector of size 0. But input(1) is a vector of size 7
2026-05-04 18:42:06.386515: W tensorflow/core/framework/op_kernel.cc:1857] OP_REQUIRES failed at transpose_op.cc:142 : INVALID_ARGUMENT: transpose expects a vector of size 0. But input(1) is a vector of size 7
2026-05-04 18:42:06.923373: W tensorflow/core/framework/op_kernel.cc:1857] OP_REQUIRES failed at transpose_op.cc:142 : INVALID_ARGUMENT: transpose expects a vector of size 0. But input(1) is a vector of size 7
2026-05-04 18:42:07.464616: W tensorflow/core/framework/op_kernel.cc:1857] OP_REQUIRES failed at transpose_op.cc:142 : INVALID_ARGUMENT: transpose expects a vector of size 0. But input(1) is a vector of size 7
2026-05-04 18:42:08.007449: W tensorflow/core/framework/op_kernel.cc:1857] OP_REQUIRES failed at transpose_op.cc:142 : INVALID_ARGUMENT: transpose expects a vector of size 0. But input(1) is a vector of size 7
2026-05-04 18:42:08.555348: W tensorflow/core/framework/op_kernel.cc:1857] OP_REQUIRES failed at transpose_op.cc:142 : INVALID_ARGUMENT: transpose expects a vector of size 0. But input(1) is a vector of size 7
2026-05-04 18:42:09.102339: W tensorflow/core/framework/op_kernel.cc:1857] OP_REQUIRES failed at transpose_op.cc:142 : INVALID_ARGUMENT: transpose expects a vector of size 0. But input(1) is a vector of size 7
2026-05-04 18:42:09.648411: W tensorflow/core/framework/op_kernel.cc:1857] OP_REQUIRES failed at transpose_op.cc:142 : INVALID_ARGUMENT: transpose expects a vector of size 0. But input(1) is a vector of size 7
2026-05-04 18:42:10.194389: W tensorflow/core/framework/op_kernel.cc:1857] OP_REQUIRES failed at transpose_op.cc:142 : INVALID_ARGUMENT: transpose expects a vector of size 0. But input(1) is a vector of size 7
2026-05-04 18:42:10.738684: W tensorflow/core/framework/op_kernel.cc:1857] OP_REQUIRES failed at transpose_op.cc:142 : INVALID_ARGUMENT: transpose expects a vector of size 0. But input(1) is a vector of size 7
2026-05-04 18:43:36.426525: W tensorflow/core/framework/op_kernel.cc:1857] OP_REQUIRES failed at transpose_op.cc:142 : INVALID_ARGUMENT: transpose expects a vector of size 0. But input(1) is a vector of size 7
2026-05-04 18:43:36.972833: W tensorflow/core/framework/op_kernel.cc:1857] OP_REQUIRES failed at transpose_op.cc:142 : INVALID_ARGUMENT: transpose expects a vector of size 0. But input(1) is a vector of size 7
2026-05-04 18:43:37.516707: W tensorflow/core/framework/op_kernel.cc:1857] OP_REQUIRES failed at transpose_op.cc:142 : INVALID_ARGUMENT: transpose expects a vector of size 0. But input(1) is a vector of size 7
2026-05-04 18:43:38.061884: W tensorflow/core/framework/op_kernel.cc:1857] OP_REQUIRES failed at transpose_op.cc:142 : INVALID_ARGUMENT: transpose expects a vector of size 0. But input(1) is a vector of size 7
2026-05-04 18:43:38.607690: W tensorflow/core/framework/op_kernel.cc:1857] OP_REQUIRES failed at transpose_op.cc:142 : INVALID_ARGUMENT: transpose expects a vector of size 0. But input(1) is a vector of size 7
2026-05-04 18:43:39.152188: W tensorflow/core/framework/op_kernel.cc:1857] OP_REQUIRES failed at transpose_op.cc:142 : INVALID_ARGUMENT: transpose expects a vector of size 0. But input(1) is a vector of size 7
2026-05-04 18:43:39.697681: W tensorflow/core/framework/op_kernel.cc:1857] OP_REQUIRES failed at transpose_op.cc:142 : INVALID_ARGUMENT: transpose expects a vector of size 0. But input(1) is a vector of size 7
2026-05-04 18:43:40.244702: W tensorflow/core/framework/op_kernel.cc:1857] OP_REQUIRES failed at transpose_op.cc:142 : INVALID_ARGUMENT: transpose expects a vector of size 0. But input(1) is a vector of size 7
2026-05-04 18:43:40.790472: W tensorflow/core/framework/op_kernel.cc:1857] OP_REQUIRES failed at transpose_op.cc:142 : INVALID_ARGUMENT: transpose expects a vector of size 0. But input(1) is a vector of size 7
2026-05-04 18:43:41.331908: W tensorflow/core/framework/op_kernel.cc:1857] OP_REQUIRES failed at transpose_op.cc:142 : INVALID_ARGUMENT: transpose expects a vector of size 0. But input(1) is a vector of size 7
2026-05-04 18:43:41.870343: W tensorflow/core/framework/op_kernel.cc:1857] OP_REQUIRES failed at transpose_op.cc:142 : INVALID_ARGUMENT: transpose expects a vector of size 0. But input(1) is a vector of size 7
2026-05-04 18:43:42.401941: W tensorflow/core/framework/op_kernel.cc:1857] OP_REQUIRES failed at transpose_op.cc:142 : INVALID_ARGUMENT: transpose expects a vector of size 0. But input(1) is a vector of size 7
2026-05-04 18:43:42.934862: W tensorflow/core/framework/op_kernel.cc:1857] OP_REQUIRES failed at transpose_op.cc:142 : INVALID_ARGUMENT: transpose expects a vector of size 0. But input(1) is a vector of size 7
2026-05-04 18:43:43.467063: W tensorflow/core/framework/op_kernel.cc:1857] OP_REQUIRES failed at transpose_op.cc:142 : INVALID_ARGUMENT: transpose expects a vector of size 0. But input(1) is a vector of size 7
2026-05-04 18:43:44.002118: W tensorflow/core/framework/op_kernel.cc:1857] OP_REQUIRES failed at transpose_op.cc:142 : INVALID_ARGUMENT: transpose expects a vector of size 0. But input(1) is a vector of size 7
2026-05-04 18:43:44.535109: W tensorflow/core/framework/op_kernel.cc:1857] OP_REQUIRES failed at transpose_op.cc:142 : INVALID_ARGUMENT: transpose expects a vector of size 0. But input(1) is a vector of size 7
2026-05-04 18:43:45.079324: W tensorflow/core/framework/op_kernel.cc:1857] OP_REQUIRES failed at transpose_op.cc:142 : INVALID_ARGUMENT: transpose expects a vector of size 0. But input(1) is a vector of size 7
2026-05-04 18:43:45.623593: W tensorflow/core/framework/op_kernel.cc:1857] OP_REQUIRES failed at transpose_op.cc:142 : INVALID_ARGUMENT: transpose expects a vector of size 0. But input(1) is a vector of size 7
2026-05-04 18:43:46.165784: W tensorflow/core/framework/op_kernel.cc:1857] OP_REQUIRES failed at transpose_op.cc:142 : INVALID_ARGUMENT: transpose expects a vector of size 0. But input(1) is a vector of size 7
2026-05-04 18:43:46.708978: W tensorflow/core/framework/op_kernel.cc:1857] OP_REQUIRES failed at transpose_op.cc:142 : INVALID_ARGUMENT: transpose expects a vector of size 0. But input(1) is a vector of size 7
2026-05-04 18:43:47.250713: W tensorflow/core/framework/op_kernel.cc:1857] OP_REQUIRES failed at transpose_op.cc:142 : INVALID_ARGUMENT: transpose expects a vector of size 0. But input(1) is a vector of size 7
2026-05-04 18:43:47.783130: W tensorflow/core/framework/op_kernel.cc:1857] OP_REQUIRES failed at transpose_op.cc:142 : INVALID_ARGUMENT: transpose expects a vector of size 0. But input(1) is a vector of size 7
2026-05-04 18:43:48.326277: W tensorflow/core/framework/op_kernel.cc:1857] OP_REQUIRES failed at transpose_op.cc:142 : INVALID_ARGUMENT: transpose expects a vector of size 0. But input(1) is a vector of size 7
2026-05-04 18:43:48.869055: W tensorflow/core/framework/op_kernel.cc:1857] OP_REQUIRES failed at transpose_op.cc:142 : INVALID_ARGUMENT: transpose expects a vector of size 0. But input(1) is a vector of size 7
2026-05-04 18:43:49.404117: W tensorflow/core/framework/op_kernel.cc:1857] OP_REQUIRES failed at transpose_op.cc:142 : INVALID_ARGUMENT: transpose expects a vector of size 0. But input(1) is a vector of size 7
2026-05-04 18:43:49.944818: W tensorflow/core/framework/op_kernel.cc:1857] OP_REQUIRES failed at transpose_op.cc:142 : INVALID_ARGUMENT: transpose expects a vector of size 0. But input(1) is a vector of size 7
2026-05-04 18:43:50.491155: W tensorflow/core/framework/op_kernel.cc:1857] OP_REQUIRES failed at transpose_op.cc:142 : INVALID_ARGUMENT: transpose expects a vector of size 0. But input(1) is a vector of size 7
2026-05-04 18:43:51.031133: W tensorflow/core/framework/op_kernel.cc:1857] OP_REQUIRES failed at transpose_op.cc:142 : INVALID_ARGUMENT: transpose expects a vector of size 0. But input(1) is a vector of size 7
2026-05-04 18:43:51.567615: W tensorflow/core/framework/op_kernel.cc:1857] OP_REQUIRES failed at transpose_op.cc:142 : INVALID_ARGUMENT: transpose expects a vector of size 0. But input(1) is a vector of size 7
2026-05-04 18:43:52.102483: W tensorflow/core/framework/op_kernel.cc:1857] OP_REQUIRES failed at transpose_op.cc:142 : INVALID_ARGUMENT: transpose expects a vector of size 0. But input(1) is a vector of size 7
2026-05-04 18:43:52.633688: W tensorflow/core/framework/op_kernel.cc:1857] OP_REQUIRES failed at transpose_op.cc:142 : INVALID_ARGUMENT: transpose expects a vector of size 0. But input(1) is a vector of size 7
2026-05-04 18:43:53.169247: W tensorflow/core/framework/op_kernel.cc:1857] OP_REQUIRES failed at transpose_op.cc:142 : INVALID_ARGUMENT: transpose expects a vector of size 0. But input(1) is a vector of size 7
2026-05-04 18:45:18.823712: W tensorflow/core/framework/op_kernel.cc:1857] OP_REQUIRES failed at transpose_op.cc:142 : INVALID_ARGUMENT: transpose expects a vector of size 0. But input(1) is a vector of size 7
2026-05-04 18:45:19.366061: W tensorflow/core/framework/op_kernel.cc:1857] OP_REQUIRES failed at transpose_op.cc:142 : INVALID_ARGUMENT: transpose expects a vector of size 0. But input(1) is a vector of size 7
2026-05-04 18:45:19.909522: W tensorflow/core/framework/op_kernel.cc:1857] OP_REQUIRES failed at transpose_op.cc:142 : INVALID_ARGUMENT: transpose expects a vector of size 0. But input(1) is a vector of size 7
2026-05-04 18:45:20.449723: W tensorflow/core/framework/op_kernel.cc:1857] OP_REQUIRES failed at transpose_op.cc:142 : INVALID_ARGUMENT: transpose expects a vector of size 0. But input(1) is a vector of size 7
2026-05-04 18:45:20.990346: W tensorflow/core/framework/op_kernel.cc:1857] OP_REQUIRES failed at transpose_op.cc:142 : INVALID_ARGUMENT: transpose expects a vector of size 0. But input(1) is a vector of size 7
2026-05-04 18:45:21.532679: W tensorflow/core/framework/op_kernel.cc:1857] OP_REQUIRES failed at transpose_op.cc:142 : INVALID_ARGUMENT: transpose expects a vector of size 0. But input(1) is a vector of size 7
2026-05-04 18:45:22.076278: W tensorflow/core/framework/op_kernel.cc:1857] OP_REQUIRES failed at transpose_op.cc:142 : INVALID_ARGUMENT: transpose expects a vector of size 0. But input(1) is a vector of size 7
2026-05-04 18:45:22.623895: W tensorflow/core/framework/op_kernel.cc:1857] OP_REQUIRES failed at transpose_op.cc:142 : INVALID_ARGUMENT: transpose expects a vector of size 0. But input(1) is a vector of size 7
2026-05-04 18:45:23.171291: W tensorflow/core/framework/op_kernel.cc:1857] OP_REQUIRES failed at transpose_op.cc:142 : INVALID_ARGUMENT: transpose expects a vector of size 0. But input(1) is a vector of size 7
2026-05-04 18:45:23.717403: W tensorflow/core/framework/op_kernel.cc:1857] OP_REQUIRES failed at transpose_op.cc:142 : INVALID_ARGUMENT: transpose expects a vector of size 0. But input(1) is a vector of size 7
2026-05-04 18:45:24.260555: W tensorflow/core/framework/op_kernel.cc:1857] OP_REQUIRES failed at transpose_op.cc:142 : INVALID_ARGUMENT: transpose expects a vector of size 0. But input(1) is a vector of size 7
2026-05-04 18:45:24.805454: W tensorflow/core/framework/op_kernel.cc:1857] OP_REQUIRES failed at transpose_op.cc:142 : INVALID_ARGUMENT: transpose expects a vector of size 0. But input(1) is a vector of size 7
2026-05-04 18:45:25.346764: W tensorflow/core/framework/op_kernel.cc:1857] OP_REQUIRES failed at transpose_op.cc:142 : INVALID_ARGUMENT: transpose expects a vector of size 0. But input(1) is a vector of size 7
2026-05-04 18:45:25.885817: W tensorflow/core/framework/op_kernel.cc:1857] OP_REQUIRES failed at transpose_op.cc:142 : INVALID_ARGUMENT: transpose expects a vector of size 0. But input(1) is a vector of size 7
2026-05-04 18:45:26.428399: W tensorflow/core/framework/op_kernel.cc:1857] OP_REQUIRES failed at transpose_op.cc:142 : INVALID_ARGUMENT: transpose expects a vector of size 0. But input(1) is a vector of size 7
2026-05-04 18:45:26.969687: W tensorflow/core/framework/op_kernel.cc:1857] OP_REQUIRES failed at transpose_op.cc:142 : INVALID_ARGUMENT: transpose expects a vector of size 0. But input(1) is a vector of size 7
2026-05-04 18:45:27.503963: W tensorflow/core/framework/op_kernel.cc:1857] OP_REQUIRES failed at transpose_op.cc:142 : INVALID_ARGUMENT: transpose expects a vector of size 0. But input(1) is a vector of size 7
2026-05-04 18:45:28.037806: W tensorflow/core/framework/op_kernel.cc:1857] OP_REQUIRES failed at transpose_op.cc:142 : INVALID_ARGUMENT: transpose expects a vector of size 0. But input(1) is a vector of size 7
2026-05-04 18:45:28.572973: W tensorflow/core/framework/op_kernel.cc:1857] OP_REQUIRES failed at transpose_op.cc:142 : INVALID_ARGUMENT: transpose expects a vector of size 0. But input(1) is a vector of size 7
2026-05-04 18:45:29.106321: W tensorflow/core/framework/op_kernel.cc:1857] OP_REQUIRES failed at transpose_op.cc:142 : INVALID_ARGUMENT: transpose expects a vector of size 0. But input(1) is a vector of size 7
2026-05-04 18:45:29.640427: W tensorflow/core/framework/op_kernel.cc:1857] OP_REQUIRES failed at transpose_op.cc:142 : INVALID_ARGUMENT: transpose expects a vector of size 0. But input(1) is a vector of size 7
2026-05-04 18:45:30.172489: W tensorflow/core/framework/op_kernel.cc:1857] OP_REQUIRES failed at transpose_op.cc:142 : INVALID_ARGUMENT: transpose expects a vector of size 0. But input(1) is a vector of size 7
2026-05-04 18:45:30.715855: W tensorflow/core/framework/op_kernel.cc:1857] OP_REQUIRES failed at transpose_op.cc:142 : INVALID_ARGUMENT: transpose expects a vector of size 0. But input(1) is a vector of size 7
2026-05-04 18:45:31.261134: W tensorflow/core/framework/op_kernel.cc:1857] OP_REQUIRES failed at transpose_op.cc:142 : INVALID_ARGUMENT: transpose expects a vector of size 0. But input(1) is a vector of size 7
2026-05-04 18:45:31.800672: W tensorflow/core/framework/op_kernel.cc:1857] OP_REQUIRES failed at transpose_op.cc:142 : INVALID_ARGUMENT: transpose expects a vector of size 0. But input(1) is a vector of size 7
2026-05-04 18:45:32.335301: W tensorflow/core/framework/op_kernel.cc:1857] OP_REQUIRES failed at transpose_op.cc:142 : INVALID_ARGUMENT: transpose expects a vector of size 0. But input(1) is a vector of size 7
2026-05-04 18:45:32.869308: W tensorflow/core/framework/op_kernel.cc:1857] OP_REQUIRES failed at transpose_op.cc:142 : INVALID_ARGUMENT: transpose expects a vector of size 0. But input(1) is a vector of size 7
2026-05-04 18:45:33.403461: W tensorflow/core/framework/op_kernel.cc:1857] OP_REQUIRES failed at transpose_op.cc:142 : INVALID_ARGUMENT: transpose expects a vector of size 0. But input(1) is a vector of size 7
2026-05-04 18:45:33.948365: W tensorflow/core/framework/op_kernel.cc:1857] OP_REQUIRES failed at transpose_op.cc:142 : INVALID_ARGUMENT: transpose expects a vector of size 0. But input(1) is a vector of size 7
2026-05-04 18:45:34.493132: W tensorflow/core/framework/op_kernel.cc:1857] OP_REQUIRES failed at transpose_op.cc:142 : INVALID_ARGUMENT: transpose expects a vector of size 0. But input(1) is a vector of size 7
2026-05-04 18:45:35.043702: W tensorflow/core/framework/op_kernel.cc:1857] OP_REQUIRES failed at transpose_op.cc:142 : INVALID_ARGUMENT: transpose expects a vector of size 0. But input(1) is a vector of size 7
2026-05-04 18:45:35.592483: W tensorflow/core/framework/op_kernel.cc:1857] OP_REQUIRES failed at transpose_op.cc:142 : INVALID_ARGUMENT: transpose expects a vector of size 0. But input(1) is a vector of size 7
2026-05-04 18:47:01.108041: W tensorflow/core/framework/op_kernel.cc:1857] OP_REQUIRES failed at transpose_op.cc:142 : INVALID_ARGUMENT: transpose expects a vector of size 0. But input(1) is a vector of size 7
2026-05-04 18:47:01.650888: W tensorflow/core/framework/op_kernel.cc:1857] OP_REQUIRES failed at transpose_op.cc:142 : INVALID_ARGUMENT: transpose expects a vector of size 0. But input(1) is a vector of size 7
2026-05-04 18:47:02.192063: W tensorflow/core/framework/op_kernel.cc:1857] OP_REQUIRES failed at transpose_op.cc:142 : INVALID_ARGUMENT: transpose expects a vector of size 0. But input(1) is a vector of size 7
2026-05-04 18:47:02.728611: W tensorflow/core/framework/op_kernel.cc:1857] OP_REQUIRES failed at transpose_op.cc:142 : INVALID_ARGUMENT: transpose expects a vector of size 0. But input(1) is a vector of size 7
2026-05-04 18:47:03.263740: W tensorflow/core/framework/op_kernel.cc:1857] OP_REQUIRES failed at transpose_op.cc:142 : INVALID_ARGUMENT: transpose expects a vector of size 0. But input(1) is a vector of size 7
2026-05-04 18:47:03.797188: W tensorflow/core/framework/op_kernel.cc:1857] OP_REQUIRES failed at transpose_op.cc:142 : INVALID_ARGUMENT: transpose expects a vector of size 0. But input(1) is a vector of size 7
2026-05-04 18:47:04.332688: W tensorflow/core/framework/op_kernel.cc:1857] OP_REQUIRES failed at transpose_op.cc:142 : INVALID_ARGUMENT: transpose expects a vector of size 0. But input(1) is a vector of size 7
2026-05-04 18:47:04.874510: W tensorflow/core/framework/op_kernel.cc:1857] OP_REQUIRES failed at transpose_op.cc:142 : INVALID_ARGUMENT: transpose expects a vector of size 0. But input(1) is a vector of size 7
2026-05-04 18:47:05.421036: W tensorflow/core/framework/op_kernel.cc:1857] OP_REQUIRES failed at transpose_op.cc:142 : INVALID_ARGUMENT: transpose expects a vector of size 0. But input(1) is a vector of size 7
2026-05-04 18:47:05.962271: W tensorflow/core/framework/op_kernel.cc:1857] OP_REQUIRES failed at transpose_op.cc:142 : INVALID_ARGUMENT: transpose expects a vector of size 0. But input(1) is a vector of size 7
2026-05-04 18:47:06.496470: W tensorflow/core/framework/op_kernel.cc:1857] OP_REQUIRES failed at transpose_op.cc:142 : INVALID_ARGUMENT: transpose expects a vector of size 0. But input(1) is a vector of size 7
2026-05-04 18:47:07.030128: W tensorflow/core/framework/op_kernel.cc:1857] OP_REQUIRES failed at transpose_op.cc:142 : INVALID_ARGUMENT: transpose expects a vector of size 0. But input(1) is a vector of size 7
2026-05-04 18:47:07.565252: W tensorflow/core/framework/op_kernel.cc:1857] OP_REQUIRES failed at transpose_op.cc:142 : INVALID_ARGUMENT: transpose expects a vector of size 0. But input(1) is a vector of size 7
2026-05-04 18:47:08.098597: W tensorflow/core/framework/op_kernel.cc:1857] OP_REQUIRES failed at transpose_op.cc:142 : INVALID_ARGUMENT: transpose expects a vector of size 0. But input(1) is a vector of size 7
2026-05-04 18:47:08.633106: W tensorflow/core/framework/op_kernel.cc:1857] OP_REQUIRES failed at transpose_op.cc:142 : INVALID_ARGUMENT: transpose expects a vector of size 0. But input(1) is a vector of size 7
2026-05-04 18:47:09.169558: W tensorflow/core/framework/op_kernel.cc:1857] OP_REQUIRES failed at transpose_op.cc:142 : INVALID_ARGUMENT: transpose expects a vector of size 0. But input(1) is a vector of size 7
2026-05-04 18:47:09.702306: W tensorflow/core/framework/op_kernel.cc:1857] OP_REQUIRES failed at transpose_op.cc:142 : INVALID_ARGUMENT: transpose expects a vector of size 0. But input(1) is a vector of size 7
2026-05-04 18:47:10.241264: W tensorflow/core/framework/op_kernel.cc:1857] OP_REQUIRES failed at transpose_op.cc:142 : INVALID_ARGUMENT: transpose expects a vector of size 0. But input(1) is a vector of size 7
2026-05-04 18:47:10.786579: W tensorflow/core/framework/op_kernel.cc:1857] OP_REQUIRES failed at transpose_op.cc:142 : INVALID_ARGUMENT: transpose expects a vector of size 0. But input(1) is a vector of size 7
2026-05-04 18:47:11.322148: W tensorflow/core/framework/op_kernel.cc:1857] OP_REQUIRES failed at transpose_op.cc:142 : INVALID_ARGUMENT: transpose expects a vector of size 0. But input(1) is a vector of size 7
2026-05-04 18:47:11.864386: W tensorflow/core/framework/op_kernel.cc:1857] OP_REQUIRES failed at transpose_op.cc:142 : INVALID_ARGUMENT: transpose expects a vector of size 0. But input(1) is a vector of size 7
2026-05-04 18:47:12.411021: W tensorflow/core/framework/op_kernel.cc:1857] OP_REQUIRES failed at transpose_op.cc:142 : INVALID_ARGUMENT: transpose expects a vector of size 0. But input(1) is a vector of size 7
2026-05-04 18:47:12.944948: W tensorflow/core/framework/op_kernel.cc:1857] OP_REQUIRES failed at transpose_op.cc:142 : INVALID_ARGUMENT: transpose expects a vector of size 0. But input(1) is a vector of size 7
2026-05-04 18:47:13.478150: W tensorflow/core/framework/op_kernel.cc:1857] OP_REQUIRES failed at transpose_op.cc:142 : INVALID_ARGUMENT: transpose expects a vector of size 0. But input(1) is a vector of size 7
2026-05-04 18:47:14.033984: W tensorflow/core/framework/op_kernel.cc:1857] OP_REQUIRES failed at transpose_op.cc:142 : INVALID_ARGUMENT: transpose expects a vector of size 0. But input(1) is a vector of size 7
2026-05-04 18:47:14.568506: W tensorflow/core/framework/op_kernel.cc:1857] OP_REQUIRES failed at transpose_op.cc:142 : INVALID_ARGUMENT: transpose expects a vector of size 0. But input(1) is a vector of size 7
2026-05-04 18:47:15.106675: W tensorflow/core/framework/op_kernel.cc:1857] OP_REQUIRES failed at transpose_op.cc:142 : INVALID_ARGUMENT: transpose expects a vector of size 0. But input(1) is a vector of size 7
2026-05-04 18:47:15.650489: W tensorflow/core/framework/op_kernel.cc:1857] OP_REQUIRES failed at transpose_op.cc:142 : INVALID_ARGUMENT: transpose expects a vector of size 0. But input(1) is a vector of size 7
2026-05-04 18:47:16.196286: W tensorflow/core/framework/op_kernel.cc:1857] OP_REQUIRES failed at transpose_op.cc:142 : INVALID_ARGUMENT: transpose expects a vector of size 0. But input(1) is a vector of size 7
2026-05-04 18:47:16.737333: W tensorflow/core/framework/op_kernel.cc:1857] OP_REQUIRES failed at transpose_op.cc:142 : INVALID_ARGUMENT: transpose expects a vector of size 0. But input(1) is a vector of size 7
2026-05-04 18:47:17.272002: W tensorflow/core/framework/op_kernel.cc:1857] OP_REQUIRES failed at transpose_op.cc:142 : INVALID_ARGUMENT: transpose expects a vector of size 0. But input(1) is a vector of size 7
2026-05-04 18:47:17.813427: W tensorflow/core/framework/op_kernel.cc:1857] OP_REQUIRES failed at transpose_op.cc:142 : INVALID_ARGUMENT: transpose expects a vector of size 0. But input(1) is a vector of size 7
2026-05-04 18:48:44.117164: W tensorflow/core/framework/op_kernel.cc:1857] OP_REQUIRES failed at transpose_op.cc:142 : INVALID_ARGUMENT: transpose expects a vector of size 0. But input(1) is a vector of size 7
2026-05-04 18:48:44.658538: W tensorflow/core/framework/op_kernel.cc:1857] OP_REQUIRES failed at transpose_op.cc:142 : INVALID_ARGUMENT: transpose expects a vector of size 0. But input(1) is a vector of size 7
2026-05-04 18:48:45.193995: W tensorflow/core/framework/op_kernel.cc:1857] OP_REQUIRES failed at transpose_op.cc:142 : INVALID_ARGUMENT: transpose expects a vector of size 0. But input(1) is a vector of size 7
2026-05-04 18:48:45.728167: W tensorflow/core/framework/op_kernel.cc:1857] OP_REQUIRES failed at transpose_op.cc:142 : INVALID_ARGUMENT: transpose expects a vector of size 0. But input(1) is a vector of size 7
2026-05-04 18:48:46.261091: W tensorflow/core/framework/op_kernel.cc:1857] OP_REQUIRES failed at transpose_op.cc:142 : INVALID_ARGUMENT: transpose expects a vector of size 0. But input(1) is a vector of size 7
2026-05-04 18:48:46.797757: W tensorflow/core/framework/op_kernel.cc:1857] OP_REQUIRES failed at transpose_op.cc:142 : INVALID_ARGUMENT: transpose expects a vector of size 0. But input(1) is a vector of size 7
2026-05-04 18:48:47.342122: W tensorflow/core/framework/op_kernel.cc:1857] OP_REQUIRES failed at transpose_op.cc:142 : INVALID_ARGUMENT: transpose expects a vector of size 0. But input(1) is a vector of size 7
2026-05-04 18:48:47.882899: W tensorflow/core/framework/op_kernel.cc:1857] OP_REQUIRES failed at transpose_op.cc:142 : INVALID_ARGUMENT: transpose expects a vector of size 0. But input(1) is a vector of size 7
2026-05-04 18:48:48.421046: W tensorflow/core/framework/op_kernel.cc:1857] OP_REQUIRES failed at transpose_op.cc:142 : INVALID_ARGUMENT: transpose expects a vector of size 0. But input(1) is a vector of size 7
2026-05-04 18:48:48.958368: W tensorflow/core/framework/op_kernel.cc:1857] OP_REQUIRES failed at transpose_op.cc:142 : INVALID_ARGUMENT: transpose expects a vector of size 0. But input(1) is a vector of size 7
2026-05-04 18:48:49.503441: W tensorflow/core/framework/op_kernel.cc:1857] OP_REQUIRES failed at transpose_op.cc:142 : INVALID_ARGUMENT: transpose expects a vector of size 0. But input(1) is a vector of size 7
2026-05-04 18:48:50.044917: W tensorflow/core/framework/op_kernel.cc:1857] OP_REQUIRES failed at transpose_op.cc:142 : INVALID_ARGUMENT: transpose expects a vector of size 0. But input(1) is a vector of size 7
2026-05-04 18:48:50.585551: W tensorflow/core/framework/op_kernel.cc:1857] OP_REQUIRES failed at transpose_op.cc:142 : INVALID_ARGUMENT: transpose expects a vector of size 0. But input(1) is a vector of size 7
2026-05-04 18:48:51.127862: W tensorflow/core/framework/op_kernel.cc:1857] OP_REQUIRES failed at transpose_op.cc:142 : INVALID_ARGUMENT: transpose expects a vector of size 0. But input(1) is a vector of size 7
2026-05-04 18:48:51.665846: W tensorflow/core/framework/op_kernel.cc:1857] OP_REQUIRES failed at transpose_op.cc:142 : INVALID_ARGUMENT: transpose expects a vector of size 0. But input(1) is a vector of size 7
2026-05-04 18:48:52.205817: W tensorflow/core/framework/op_kernel.cc:1857] OP_REQUIRES failed at transpose_op.cc:142 : INVALID_ARGUMENT: transpose expects a vector of size 0. But input(1) is a vector of size 7
2026-05-04 18:48:52.744277: W tensorflow/core/framework/op_kernel.cc:1857] OP_REQUIRES failed at transpose_op.cc:142 : INVALID_ARGUMENT: transpose expects a vector of size 0. But input(1) is a vector of size 7
2026-05-04 18:48:53.285835: W tensorflow/core/framework/op_kernel.cc:1857] OP_REQUIRES failed at transpose_op.cc:142 : INVALID_ARGUMENT: transpose expects a vector of size 0. But input(1) is a vector of size 7
2026-05-04 18:48:53.822019: W tensorflow/core/framework/op_kernel.cc:1857] OP_REQUIRES failed at transpose_op.cc:142 : INVALID_ARGUMENT: transpose expects a vector of size 0. But input(1) is a vector of size 7
2026-05-04 18:48:54.353143: W tensorflow/core/framework/op_kernel.cc:1857] OP_REQUIRES failed at transpose_op.cc:142 : INVALID_ARGUMENT: transpose expects a vector of size 0. But input(1) is a vector of size 7
2026-05-04 18:48:54.887052: W tensorflow/core/framework/op_kernel.cc:1857] OP_REQUIRES failed at transpose_op.cc:142 : INVALID_ARGUMENT: transpose expects a vector of size 0. But input(1) is a vector of size 7
2026-05-04 18:48:55.430382: W tensorflow/core/framework/op_kernel.cc:1857] OP_REQUIRES failed at transpose_op.cc:142 : INVALID_ARGUMENT: transpose expects a vector of size 0. But input(1) is a vector of size 7
2026-05-04 18:48:55.970617: W tensorflow/core/framework/op_kernel.cc:1857] OP_REQUIRES failed at transpose_op.cc:142 : INVALID_ARGUMENT: transpose expects a vector of size 0. But input(1) is a vector of size 7
2026-05-04 18:48:56.514246: W tensorflow/core/framework/op_kernel.cc:1857] OP_REQUIRES failed at transpose_op.cc:142 : INVALID_ARGUMENT: transpose expects a vector of size 0. But input(1) is a vector of size 7
2026-05-04 18:48:57.051777: W tensorflow/core/framework/op_kernel.cc:1857] OP_REQUIRES failed at transpose_op.cc:142 : INVALID_ARGUMENT: transpose expects a vector of size 0. But input(1) is a vector of size 7
2026-05-04 18:48:57.583762: W tensorflow/core/framework/op_kernel.cc:1857] OP_REQUIRES failed at transpose_op.cc:142 : INVALID_ARGUMENT: transpose expects a vector of size 0. But input(1) is a vector of size 7
2026-05-04 18:48:58.115775: W tensorflow/core/framework/op_kernel.cc:1857] OP_REQUIRES failed at transpose_op.cc:142 : INVALID_ARGUMENT: transpose expects a vector of size 0. But input(1) is a vector of size 7
2026-05-04 18:48:58.648198: W tensorflow/core/framework/op_kernel.cc:1857] OP_REQUIRES failed at transpose_op.cc:142 : INVALID_ARGUMENT: transpose expects a vector of size 0. But input(1) is a vector of size 7
2026-05-04 18:48:59.188963: W tensorflow/core/framework/op_kernel.cc:1857] OP_REQUIRES failed at transpose_op.cc:142 : INVALID_ARGUMENT: transpose expects a vector of size 0. But input(1) is a vector of size 7
2026-05-04 18:48:59.733085: W tensorflow/core/framework/op_kernel.cc:1857] OP_REQUIRES failed at transpose_op.cc:142 : INVALID_ARGUMENT: transpose expects a vector of size 0. But input(1) is a vector of size 7
2026-05-04 18:49:00.268537: W tensorflow/core/framework/op_kernel.cc:1857] OP_REQUIRES failed at transpose_op.cc:142 : INVALID_ARGUMENT: transpose expects a vector of size 0. But input(1) is a vector of size 7
2026-05-04 18:49:00.801036: W tensorflow/core/framework/op_kernel.cc:1857] OP_REQUIRES failed at transpose_op.cc:142 : INVALID_ARGUMENT: transpose expects a vector of size 0. But input(1) is a vector of size 7
2026-05-04 18:50:26.186360: W tensorflow/core/framework/op_kernel.cc:1857] OP_REQUIRES failed at transpose_op.cc:142 : INVALID_ARGUMENT: transpose expects a vector of size 0. But input(1) is a vector of size 7
2026-05-04 18:50:26.725975: W tensorflow/core/framework/op_kernel.cc:1857] OP_REQUIRES failed at transpose_op.cc:142 : INVALID_ARGUMENT: transpose expects a vector of size 0. But input(1) is a vector of size 7
2026-05-04 18:50:27.265019: W tensorflow/core/framework/op_kernel.cc:1857] OP_REQUIRES failed at transpose_op.cc:142 : INVALID_ARGUMENT: transpose expects a vector of size 0. But input(1) is a vector of size 7
2026-05-04 18:50:27.808233: W tensorflow/core/framework/op_kernel.cc:1857] OP_REQUIRES failed at transpose_op.cc:142 : INVALID_ARGUMENT: transpose expects a vector of size 0. But input(1) is a vector of size 7
2026-05-04 18:50:28.350413: W tensorflow/core/framework/op_kernel.cc:1857] OP_REQUIRES failed at transpose_op.cc:142 : INVALID_ARGUMENT: transpose expects a vector of size 0. But input(1) is a vector of size 7
2026-05-04 18:50:28.887552: W tensorflow/core/framework/op_kernel.cc:1857] OP_REQUIRES failed at transpose_op.cc:142 : INVALID_ARGUMENT: transpose expects a vector of size 0. But input(1) is a vector of size 7
2026-05-04 18:50:29.420496: W tensorflow/core/framework/op_kernel.cc:1857] OP_REQUIRES failed at transpose_op.cc:142 : INVALID_ARGUMENT: transpose expects a vector of size 0. But input(1) is a vector of size 7
2026-05-04 18:50:29.951469: W tensorflow/core/framework/op_kernel.cc:1857] OP_REQUIRES failed at transpose_op.cc:142 : INVALID_ARGUMENT: transpose expects a vector of size 0. But input(1) is a vector of size 7
2026-05-04 18:50:30.482969: W tensorflow/core/framework/op_kernel.cc:1857] OP_REQUIRES failed at transpose_op.cc:142 : INVALID_ARGUMENT: transpose expects a vector of size 0. But input(1) is a vector of size 7
2026-05-04 18:50:31.023184: W tensorflow/core/framework/op_kernel.cc:1857] OP_REQUIRES failed at transpose_op.cc:142 : INVALID_ARGUMENT: transpose expects a vector of size 0. But input(1) is a vector of size 7
2026-05-04 18:50:31.566309: W tensorflow/core/framework/op_kernel.cc:1857] OP_REQUIRES failed at transpose_op.cc:142 : INVALID_ARGUMENT: transpose expects a vector of size 0. But input(1) is a vector of size 7
2026-05-04 18:50:32.109283: W tensorflow/core/framework/op_kernel.cc:1857] OP_REQUIRES failed at transpose_op.cc:142 : INVALID_ARGUMENT: transpose expects a vector of size 0. But input(1) is a vector of size 7
2026-05-04 18:50:32.644172: W tensorflow/core/framework/op_kernel.cc:1857] OP_REQUIRES failed at transpose_op.cc:142 : INVALID_ARGUMENT: transpose expects a vector of size 0. But input(1) is a vector of size 7
2026-05-04 18:50:33.183886: W tensorflow/core/framework/op_kernel.cc:1857] OP_REQUIRES failed at transpose_op.cc:142 : INVALID_ARGUMENT: transpose expects a vector of size 0. But input(1) is a vector of size 7
2026-05-04 18:50:33.722606: W tensorflow/core/framework/op_kernel.cc:1857] OP_REQUIRES failed at transpose_op.cc:142 : INVALID_ARGUMENT: transpose expects a vector of size 0. But input(1) is a vector of size 7
2026-05-04 18:50:34.255363: W tensorflow/core/framework/op_kernel.cc:1857] OP_REQUIRES failed at transpose_op.cc:142 : INVALID_ARGUMENT: transpose expects a vector of size 0. But input(1) is a vector of size 7
2026-05-04 18:50:34.790419: W tensorflow/core/framework/op_kernel.cc:1857] OP_REQUIRES failed at transpose_op.cc:142 : INVALID_ARGUMENT: transpose expects a vector of size 0. But input(1) is a vector of size 7
2026-05-04 18:50:35.323780: W tensorflow/core/framework/op_kernel.cc:1857] OP_REQUIRES failed at transpose_op.cc:142 : INVALID_ARGUMENT: transpose expects a vector of size 0. But input(1) is a vector of size 7
2026-05-04 18:50:35.863392: W tensorflow/core/framework/op_kernel.cc:1857] OP_REQUIRES failed at transpose_op.cc:142 : INVALID_ARGUMENT: transpose expects a vector of size 0. But input(1) is a vector of size 7
2026-05-04 18:50:36.398899: W tensorflow/core/framework/op_kernel.cc:1857] OP_REQUIRES failed at transpose_op.cc:142 : INVALID_ARGUMENT: transpose expects a vector of size 0. But input(1) is a vector of size 7
2026-05-04 18:50:36.937686: W tensorflow/core/framework/op_kernel.cc:1857] OP_REQUIRES failed at transpose_op.cc:142 : INVALID_ARGUMENT: transpose expects a vector of size 0. But input(1) is a vector of size 7
2026-05-04 18:50:37.477340: W tensorflow/core/framework/op_kernel.cc:1857] OP_REQUIRES failed at transpose_op.cc:142 : INVALID_ARGUMENT: transpose expects a vector of size 0. But input(1) is a vector of size 7
2026-05-04 18:50:38.011015: W tensorflow/core/framework/op_kernel.cc:1857] OP_REQUIRES failed at transpose_op.cc:142 : INVALID_ARGUMENT: transpose expects a vector of size 0. But input(1) is a vector of size 7
2026-05-04 18:50:38.549461: W tensorflow/core/framework/op_kernel.cc:1857] OP_REQUIRES failed at transpose_op.cc:142 : INVALID_ARGUMENT: transpose expects a vector of size 0. But input(1) is a vector of size 7
2026-05-04 18:50:39.088276: W tensorflow/core/framework/op_kernel.cc:1857] OP_REQUIRES failed at transpose_op.cc:142 : INVALID_ARGUMENT: transpose expects a vector of size 0. But input(1) is a vector of size 7
2026-05-04 18:50:39.625382: W tensorflow/core/framework/op_kernel.cc:1857] OP_REQUIRES failed at transpose_op.cc:142 : INVALID_ARGUMENT: transpose expects a vector of size 0. But input(1) is a vector of size 7
2026-05-04 18:50:40.166125: W tensorflow/core/framework/op_kernel.cc:1857] OP_REQUIRES failed at transpose_op.cc:142 : INVALID_ARGUMENT: transpose expects a vector of size 0. But input(1) is a vector of size 7
2026-05-04 18:50:40.705034: W tensorflow/core/framework/op_kernel.cc:1857] OP_REQUIRES failed at transpose_op.cc:142 : INVALID_ARGUMENT: transpose expects a vector of size 0. But input(1) is a vector of size 7
2026-05-04 18:50:41.245482: W tensorflow/core/framework/op_kernel.cc:1857] OP_REQUIRES failed at transpose_op.cc:142 : INVALID_ARGUMENT: transpose expects a vector of size 0. But input(1) is a vector of size 7
2026-05-04 18:50:41.786338: W tensorflow/core/framework/op_kernel.cc:1857] OP_REQUIRES failed at transpose_op.cc:142 : INVALID_ARGUMENT: transpose expects a vector of size 0. But input(1) is a vector of size 7
2026-05-04 18:50:42.325157: W tensorflow/core/framework/op_kernel.cc:1857] OP_REQUIRES failed at transpose_op.cc:142 : INVALID_ARGUMENT: transpose expects a vector of size 0. But input(1) is a vector of size 7
2026-05-04 18:50:42.869048: W tensorflow/core/framework/op_kernel.cc:1857] OP_REQUIRES failed at transpose_op.cc:142 : INVALID_ARGUMENT: transpose expects a vector of size 0. But input(1) is a vector of size 7
2026-05-04 18:52:08.222394: W tensorflow/core/framework/op_kernel.cc:1857] OP_REQUIRES failed at transpose_op.cc:142 : INVALID_ARGUMENT: transpose expects a vector of size 0. But input(1) is a vector of size 7
2026-05-04 18:52:08.767871: W tensorflow/core/framework/op_kernel.cc:1857] OP_REQUIRES failed at transpose_op.cc:142 : INVALID_ARGUMENT: transpose expects a vector of size 0. But input(1) is a vector of size 7
2026-05-04 18:52:09.311731: W tensorflow/core/framework/op_kernel.cc:1857] OP_REQUIRES failed at transpose_op.cc:142 : INVALID_ARGUMENT: transpose expects a vector of size 0. But input(1) is a vector of size 7
2026-05-04 18:52:09.848344: W tensorflow/core/framework/op_kernel.cc:1857] OP_REQUIRES failed at transpose_op.cc:142 : INVALID_ARGUMENT: transpose expects a vector of size 0. But input(1) is a vector of size 7
2026-05-04 18:52:10.383962: W tensorflow/core/framework/op_kernel.cc:1857] OP_REQUIRES failed at transpose_op.cc:142 : INVALID_ARGUMENT: transpose expects a vector of size 0. But input(1) is a vector of size 7
2026-05-04 18:52:10.920884: W tensorflow/core/framework/op_kernel.cc:1857] OP_REQUIRES failed at transpose_op.cc:142 : INVALID_ARGUMENT: transpose expects a vector of size 0. But input(1) is a vector of size 7
2026-05-04 18:52:11.468946: W tensorflow/core/framework/op_kernel.cc:1857] OP_REQUIRES failed at transpose_op.cc:142 : INVALID_ARGUMENT: transpose expects a vector of size 0. But input(1) is a vector of size 7
2026-05-04 18:52:12.005040: W tensorflow/core/framework/op_kernel.cc:1857] OP_REQUIRES failed at transpose_op.cc:142 : INVALID_ARGUMENT: transpose expects a vector of size 0. But input(1) is a vector of size 7
2026-05-04 18:52:12.543925: W tensorflow/core/framework/op_kernel.cc:1857] OP_REQUIRES failed at transpose_op.cc:142 : INVALID_ARGUMENT: transpose expects a vector of size 0. But input(1) is a vector of size 7
2026-05-04 18:52:13.084964: W tensorflow/core/framework/op_kernel.cc:1857] OP_REQUIRES failed at transpose_op.cc:142 : INVALID_ARGUMENT: transpose expects a vector of size 0. But input(1) is a vector of size 7
2026-05-04 18:52:13.622115: W tensorflow/core/framework/op_kernel.cc:1857] OP_REQUIRES failed at transpose_op.cc:142 : INVALID_ARGUMENT: transpose expects a vector of size 0. But input(1) is a vector of size 7
2026-05-04 18:52:14.161100: W tensorflow/core/framework/op_kernel.cc:1857] OP_REQUIRES failed at transpose_op.cc:142 : INVALID_ARGUMENT: transpose expects a vector of size 0. But input(1) is a vector of size 7
2026-05-04 18:52:14.705992: W tensorflow/core/framework/op_kernel.cc:1857] OP_REQUIRES failed at transpose_op.cc:142 : INVALID_ARGUMENT: transpose expects a vector of size 0. But input(1) is a vector of size 7
2026-05-04 18:52:15.239683: W tensorflow/core/framework/op_kernel.cc:1857] OP_REQUIRES failed at transpose_op.cc:142 : INVALID_ARGUMENT: transpose expects a vector of size 0. But input(1) is a vector of size 7
2026-05-04 18:52:15.771034: W tensorflow/core/framework/op_kernel.cc:1857] OP_REQUIRES failed at transpose_op.cc:142 : INVALID_ARGUMENT: transpose expects a vector of size 0. But input(1) is a vector of size 7
2026-05-04 18:52:16.301579: W tensorflow/core/framework/op_kernel.cc:1857] OP_REQUIRES failed at transpose_op.cc:142 : INVALID_ARGUMENT: transpose expects a vector of size 0. But input(1) is a vector of size 7
2026-05-04 18:52:16.831907: W tensorflow/core/framework/op_kernel.cc:1857] OP_REQUIRES failed at transpose_op.cc:142 : INVALID_ARGUMENT: transpose expects a vector of size 0. But input(1) is a vector of size 7
2026-05-04 18:52:17.365746: W tensorflow/core/framework/op_kernel.cc:1857] OP_REQUIRES failed at transpose_op.cc:142 : INVALID_ARGUMENT: transpose expects a vector of size 0. But input(1) is a vector of size 7
2026-05-04 18:52:17.896940: W tensorflow/core/framework/op_kernel.cc:1857] OP_REQUIRES failed at transpose_op.cc:142 : INVALID_ARGUMENT: transpose expects a vector of size 0. But input(1) is a vector of size 7
2026-05-04 18:52:18.432016: W tensorflow/core/framework/op_kernel.cc:1857] OP_REQUIRES failed at transpose_op.cc:142 : INVALID_ARGUMENT: transpose expects a vector of size 0. But input(1) is a vector of size 7
2026-05-04 18:52:18.969385: W tensorflow/core/framework/op_kernel.cc:1857] OP_REQUIRES failed at transpose_op.cc:142 : INVALID_ARGUMENT: transpose expects a vector of size 0. But input(1) is a vector of size 7
2026-05-04 18:52:19.507553: W tensorflow/core/framework/op_kernel.cc:1857] OP_REQUIRES failed at transpose_op.cc:142 : INVALID_ARGUMENT: transpose expects a vector of size 0. But input(1) is a vector of size 7
2026-05-04 18:52:20.038990: W tensorflow/core/framework/op_kernel.cc:1857] OP_REQUIRES failed at transpose_op.cc:142 : INVALID_ARGUMENT: transpose expects a vector of size 0. But input(1) is a vector of size 7
2026-05-04 18:52:20.569866: W tensorflow/core/framework/op_kernel.cc:1857] OP_REQUIRES failed at transpose_op.cc:142 : INVALID_ARGUMENT: transpose expects a vector of size 0. But input(1) is a vector of size 7
2026-05-04 18:52:21.107445: W tensorflow/core/framework/op_kernel.cc:1857] OP_REQUIRES failed at transpose_op.cc:142 : INVALID_ARGUMENT: transpose expects a vector of size 0. But input(1) is a vector of size 7
2026-05-04 18:52:21.645887: W tensorflow/core/framework/op_kernel.cc:1857] OP_REQUIRES failed at transpose_op.cc:142 : INVALID_ARGUMENT: transpose expects a vector of size 0. But input(1) is a vector of size 7
2026-05-04 18:52:22.185614: W tensorflow/core/framework/op_kernel.cc:1857] OP_REQUIRES failed at transpose_op.cc:142 : INVALID_ARGUMENT: transpose expects a vector of size 0. But input(1) is a vector of size 7
2026-05-04 18:52:22.719763: W tensorflow/core/framework/op_kernel.cc:1857] OP_REQUIRES failed at transpose_op.cc:142 : INVALID_ARGUMENT: transpose expects a vector of size 0. But input(1) is a vector of size 7
2026-05-04 18:52:23.251268: W tensorflow/core/framework/op_kernel.cc:1857] OP_REQUIRES failed at transpose_op.cc:142 : INVALID_ARGUMENT: transpose expects a vector of size 0. But input(1) is a vector of size 7
2026-05-04 18:52:23.784610: W tensorflow/core/framework/op_kernel.cc:1857] OP_REQUIRES failed at transpose_op.cc:142 : INVALID_ARGUMENT: transpose expects a vector of size 0. But input(1) is a vector of size 7
2026-05-04 18:52:24.334983: W tensorflow/core/framework/op_kernel.cc:1857] OP_REQUIRES failed at transpose_op.cc:142 : INVALID_ARGUMENT: transpose expects a vector of size 0. But input(1) is a vector of size 7
2026-05-04 18:52:24.875641: W tensorflow/core/framework/op_kernel.cc:1857] OP_REQUIRES failed at transpose_op.cc:142 : INVALID_ARGUMENT: transpose expects a vector of size 0. But input(1) is a vector of size 7
2026-05-04 18:53:50.781124: W tensorflow/core/framework/op_kernel.cc:1857] OP_REQUIRES failed at transpose_op.cc:142 : INVALID_ARGUMENT: transpose expects a vector of size 0. But input(1) is a vector of size 7
2026-05-04 18:53:51.318058: W tensorflow/core/framework/op_kernel.cc:1857] OP_REQUIRES failed at transpose_op.cc:142 : INVALID_ARGUMENT: transpose expects a vector of size 0. But input(1) is a vector of size 7
2026-05-04 18:53:51.852094: W tensorflow/core/framework/op_kernel.cc:1857] OP_REQUIRES failed at transpose_op.cc:142 : INVALID_ARGUMENT: transpose expects a vector of size 0. But input(1) is a vector of size 7
2026-05-04 18:53:52.384666: W tensorflow/core/framework/op_kernel.cc:1857] OP_REQUIRES failed at transpose_op.cc:142 : INVALID_ARGUMENT: transpose expects a vector of size 0. But input(1) is a vector of size 7
2026-05-04 18:53:52.918572: W tensorflow/core/framework/op_kernel.cc:1857] OP_REQUIRES failed at transpose_op.cc:142 : INVALID_ARGUMENT: transpose expects a vector of size 0. But input(1) is a vector of size 7
2026-05-04 18:53:53.454098: W tensorflow/core/framework/op_kernel.cc:1857] OP_REQUIRES failed at transpose_op.cc:142 : INVALID_ARGUMENT: transpose expects a vector of size 0. But input(1) is a vector of size 7
2026-05-04 18:53:53.985878: W tensorflow/core/framework/op_kernel.cc:1857] OP_REQUIRES failed at transpose_op.cc:142 : INVALID_ARGUMENT: transpose expects a vector of size 0. But input(1) is a vector of size 7
2026-05-04 18:53:54.532641: W tensorflow/core/framework/op_kernel.cc:1857] OP_REQUIRES failed at transpose_op.cc:142 : INVALID_ARGUMENT: transpose expects a vector of size 0. But input(1) is a vector of size 7
2026-05-04 18:53:55.074316: W tensorflow/core/framework/op_kernel.cc:1857] OP_REQUIRES failed at transpose_op.cc:142 : INVALID_ARGUMENT: transpose expects a vector of size 0. But input(1) is a vector of size 7
2026-05-04 18:53:55.619055: W tensorflow/core/framework/op_kernel.cc:1857] OP_REQUIRES failed at transpose_op.cc:142 : INVALID_ARGUMENT: transpose expects a vector of size 0. But input(1) is a vector of size 7
2026-05-04 18:53:56.162460: W tensorflow/core/framework/op_kernel.cc:1857] OP_REQUIRES failed at transpose_op.cc:142 : INVALID_ARGUMENT: transpose expects a vector of size 0. But input(1) is a vector of size 7
2026-05-04 18:53:56.702335: W tensorflow/core/framework/op_kernel.cc:1857] OP_REQUIRES failed at transpose_op.cc:142 : INVALID_ARGUMENT: transpose expects a vector of size 0. But input(1) is a vector of size 7
2026-05-04 18:53:57.244572: W tensorflow/core/framework/op_kernel.cc:1857] OP_REQUIRES failed at transpose_op.cc:142 : INVALID_ARGUMENT: transpose expects a vector of size 0. But input(1) is a vector of size 7
2026-05-04 18:53:57.786145: W tensorflow/core/framework/op_kernel.cc:1857] OP_REQUIRES failed at transpose_op.cc:142 : INVALID_ARGUMENT: transpose expects a vector of size 0. But input(1) is a vector of size 7
2026-05-04 18:53:58.325476: W tensorflow/core/framework/op_kernel.cc:1857] OP_REQUIRES failed at transpose_op.cc:142 : INVALID_ARGUMENT: transpose expects a vector of size 0. But input(1) is a vector of size 7
2026-05-04 18:53:58.860296: W tensorflow/core/framework/op_kernel.cc:1857] OP_REQUIRES failed at transpose_op.cc:142 : INVALID_ARGUMENT: transpose expects a vector of size 0. But input(1) is a vector of size 7
2026-05-04 18:53:59.394004: W tensorflow/core/framework/op_kernel.cc:1857] OP_REQUIRES failed at transpose_op.cc:142 : INVALID_ARGUMENT: transpose expects a vector of size 0. But input(1) is a vector of size 7
2026-05-04 18:53:59.927380: W tensorflow/core/framework/op_kernel.cc:1857] OP_REQUIRES failed at transpose_op.cc:142 : INVALID_ARGUMENT: transpose expects a vector of size 0. But input(1) is a vector of size 7
2026-05-04 18:54:00.459177: W tensorflow/core/framework/op_kernel.cc:1857] OP_REQUIRES failed at transpose_op.cc:142 : INVALID_ARGUMENT: transpose expects a vector of size 0. But input(1) is a vector of size 7
2026-05-04 18:54:00.992885: W tensorflow/core/framework/op_kernel.cc:1857] OP_REQUIRES failed at transpose_op.cc:142 : INVALID_ARGUMENT: transpose expects a vector of size 0. But input(1) is a vector of size 7
2026-05-04 18:54:01.524002: W tensorflow/core/framework/op_kernel.cc:1857] OP_REQUIRES failed at transpose_op.cc:142 : INVALID_ARGUMENT: transpose expects a vector of size 0. But input(1) is a vector of size 7
2026-05-04 18:54:02.056494: W tensorflow/core/framework/op_kernel.cc:1857] OP_REQUIRES failed at transpose_op.cc:142 : INVALID_ARGUMENT: transpose expects a vector of size 0. But input(1) is a vector of size 7
2026-05-04 18:54:02.588901: W tensorflow/core/framework/op_kernel.cc:1857] OP_REQUIRES failed at transpose_op.cc:142 : INVALID_ARGUMENT: transpose expects a vector of size 0. But input(1) is a vector of size 7
2026-05-04 18:54:03.122860: W tensorflow/core/framework/op_kernel.cc:1857] OP_REQUIRES failed at transpose_op.cc:142 : INVALID_ARGUMENT: transpose expects a vector of size 0. But input(1) is a vector of size 7
2026-05-04 18:54:03.658103: W tensorflow/core/framework/op_kernel.cc:1857] OP_REQUIRES failed at transpose_op.cc:142 : INVALID_ARGUMENT: transpose expects a vector of size 0. But input(1) is a vector of size 7
2026-05-04 18:54:04.191284: W tensorflow/core/framework/op_kernel.cc:1857] OP_REQUIRES failed at transpose_op.cc:142 : INVALID_ARGUMENT: transpose expects a vector of size 0. But input(1) is a vector of size 7
2026-05-04 18:54:04.731446: W tensorflow/core/framework/op_kernel.cc:1857] OP_REQUIRES failed at transpose_op.cc:142 : INVALID_ARGUMENT: transpose expects a vector of size 0. But input(1) is a vector of size 7
2026-05-04 18:54:05.262970: W tensorflow/core/framework/op_kernel.cc:1857] OP_REQUIRES failed at transpose_op.cc:142 : INVALID_ARGUMENT: transpose expects a vector of size 0. But input(1) is a vector of size 7
2026-05-04 18:54:05.803999: W tensorflow/core/framework/op_kernel.cc:1857] OP_REQUIRES failed at transpose_op.cc:142 : INVALID_ARGUMENT: transpose expects a vector of size 0. But input(1) is a vector of size 7
2026-05-04 18:54:06.346808: W tensorflow/core/framework/op_kernel.cc:1857] OP_REQUIRES failed at transpose_op.cc:142 : INVALID_ARGUMENT: transpose expects a vector of size 0. But input(1) is a vector of size 7
2026-05-04 18:54:06.883227: W tensorflow/core/framework/op_kernel.cc:1857] OP_REQUIRES failed at transpose_op.cc:142 : INVALID_ARGUMENT: transpose expects a vector of size 0. But input(1) is a vector of size 7
2026-05-04 18:54:07.415108: W tensorflow/core/framework/op_kernel.cc:1857] OP_REQUIRES failed at transpose_op.cc:142 : INVALID_ARGUMENT: transpose expects a vector of size 0. But input(1) is a vector of size 7
2026-05-04 18:55:33.223212: W tensorflow/core/framework/op_kernel.cc:1857] OP_REQUIRES failed at transpose_op.cc:142 : INVALID_ARGUMENT: transpose expects a vector of size 0. But input(1) is a vector of size 7
2026-05-04 18:55:33.759278: W tensorflow/core/framework/op_kernel.cc:1857] OP_REQUIRES failed at transpose_op.cc:142 : INVALID_ARGUMENT: transpose expects a vector of size 0. But input(1) is a vector of size 7
2026-05-04 18:55:34.292545: W tensorflow/core/framework/op_kernel.cc:1857] OP_REQUIRES failed at transpose_op.cc:142 : INVALID_ARGUMENT: transpose expects a vector of size 0. But input(1) is a vector of size 7
2026-05-04 18:55:34.834552: W tensorflow/core/framework/op_kernel.cc:1857] OP_REQUIRES failed at transpose_op.cc:142 : INVALID_ARGUMENT: transpose expects a vector of size 0. But input(1) is a vector of size 7
2026-05-04 18:55:35.373187: W tensorflow/core/framework/op_kernel.cc:1857] OP_REQUIRES failed at transpose_op.cc:142 : INVALID_ARGUMENT: transpose expects a vector of size 0. But input(1) is a vector of size 7
2026-05-04 18:55:35.907427: W tensorflow/core/framework/op_kernel.cc:1857] OP_REQUIRES failed at transpose_op.cc:142 : INVALID_ARGUMENT: transpose expects a vector of size 0. But input(1) is a vector of size 7
2026-05-04 18:55:36.442444: W tensorflow/core/framework/op_kernel.cc:1857] OP_REQUIRES failed at transpose_op.cc:142 : INVALID_ARGUMENT: transpose expects a vector of size 0. But input(1) is a vector of size 7
2026-05-04 18:55:36.980095: W tensorflow/core/framework/op_kernel.cc:1857] OP_REQUIRES failed at transpose_op.cc:142 : INVALID_ARGUMENT: transpose expects a vector of size 0. But input(1) is a vector of size 7
2026-05-04 18:55:37.516279: W tensorflow/core/framework/op_kernel.cc:1857] OP_REQUIRES failed at transpose_op.cc:142 : INVALID_ARGUMENT: transpose expects a vector of size 0. But input(1) is a vector of size 7
2026-05-04 18:55:38.048794: W tensorflow/core/framework/op_kernel.cc:1857] OP_REQUIRES failed at transpose_op.cc:142 : INVALID_ARGUMENT: transpose expects a vector of size 0. But input(1) is a vector of size 7
2026-05-04 18:55:38.585202: W tensorflow/core/framework/op_kernel.cc:1857] OP_REQUIRES failed at transpose_op.cc:142 : INVALID_ARGUMENT: transpose expects a vector of size 0. But input(1) is a vector of size 7
2026-05-04 18:55:39.124353: W tensorflow/core/framework/op_kernel.cc:1857] OP_REQUIRES failed at transpose_op.cc:142 : INVALID_ARGUMENT: transpose expects a vector of size 0. But input(1) is a vector of size 7
2026-05-04 18:55:39.660130: W tensorflow/core/framework/op_kernel.cc:1857] OP_REQUIRES failed at transpose_op.cc:142 : INVALID_ARGUMENT: transpose expects a vector of size 0. But input(1) is a vector of size 7
2026-05-04 18:55:40.193070: W tensorflow/core/framework/op_kernel.cc:1857] OP_REQUIRES failed at transpose_op.cc:142 : INVALID_ARGUMENT: transpose expects a vector of size 0. But input(1) is a vector of size 7
2026-05-04 18:55:40.724318: W tensorflow/core/framework/op_kernel.cc:1857] OP_REQUIRES failed at transpose_op.cc:142 : INVALID_ARGUMENT: transpose expects a vector of size 0. But input(1) is a vector of size 7
2026-05-04 18:55:41.255106: W tensorflow/core/framework/op_kernel.cc:1857] OP_REQUIRES failed at transpose_op.cc:142 : INVALID_ARGUMENT: transpose expects a vector of size 0. But input(1) is a vector of size 7
2026-05-04 18:55:41.795849: W tensorflow/core/framework/op_kernel.cc:1857] OP_REQUIRES failed at transpose_op.cc:142 : INVALID_ARGUMENT: transpose expects a vector of size 0. But input(1) is a vector of size 7
2026-05-04 18:55:42.343002: W tensorflow/core/framework/op_kernel.cc:1857] OP_REQUIRES failed at transpose_op.cc:142 : INVALID_ARGUMENT: transpose expects a vector of size 0. But input(1) is a vector of size 7
2026-05-04 18:55:42.886001: W tensorflow/core/framework/op_kernel.cc:1857] OP_REQUIRES failed at transpose_op.cc:142 : INVALID_ARGUMENT: transpose expects a vector of size 0. But input(1) is a vector of size 7
2026-05-04 18:55:43.424782: W tensorflow/core/framework/op_kernel.cc:1857] OP_REQUIRES failed at transpose_op.cc:142 : INVALID_ARGUMENT: transpose expects a vector of size 0. But input(1) is a vector of size 7
2026-05-04 18:55:43.964459: W tensorflow/core/framework/op_kernel.cc:1857] OP_REQUIRES failed at transpose_op.cc:142 : INVALID_ARGUMENT: transpose expects a vector of size 0. But input(1) is a vector of size 7
2026-05-04 18:55:44.503587: W tensorflow/core/framework/op_kernel.cc:1857] OP_REQUIRES failed at transpose_op.cc:142 : INVALID_ARGUMENT: transpose expects a vector of size 0. But input(1) is a vector of size 7
2026-05-04 18:55:45.044997: W tensorflow/core/framework/op_kernel.cc:1857] OP_REQUIRES failed at transpose_op.cc:142 : INVALID_ARGUMENT: transpose expects a vector of size 0. But input(1) is a vector of size 7
2026-05-04 18:55:45.576006: W tensorflow/core/framework/op_kernel.cc:1857] OP_REQUIRES failed at transpose_op.cc:142 : INVALID_ARGUMENT: transpose expects a vector of size 0. But input(1) is a vector of size 7
2026-05-04 18:55:46.113825: W tensorflow/core/framework/op_kernel.cc:1857] OP_REQUIRES failed at transpose_op.cc:142 : INVALID_ARGUMENT: transpose expects a vector of size 0. But input(1) is a vector of size 7
2026-05-04 18:55:46.652573: W tensorflow/core/framework/op_kernel.cc:1857] OP_REQUIRES failed at transpose_op.cc:142 : INVALID_ARGUMENT: transpose expects a vector of size 0. But input(1) is a vector of size 7
2026-05-04 18:55:47.192195: W tensorflow/core/framework/op_kernel.cc:1857] OP_REQUIRES failed at transpose_op.cc:142 : INVALID_ARGUMENT: transpose expects a vector of size 0. But input(1) is a vector of size 7
2026-05-04 18:55:47.722378: W tensorflow/core/framework/op_kernel.cc:1857] OP_REQUIRES failed at transpose_op.cc:142 : INVALID_ARGUMENT: transpose expects a vector of size 0. But input(1) is a vector of size 7
2026-05-04 18:55:48.252704: W tensorflow/core/framework/op_kernel.cc:1857] OP_REQUIRES failed at transpose_op.cc:142 : INVALID_ARGUMENT: transpose expects a vector of size 0. But input(1) is a vector of size 7
2026-05-04 18:55:48.781909: W tensorflow/core/framework/op_kernel.cc:1857] OP_REQUIRES failed at transpose_op.cc:142 : INVALID_ARGUMENT: transpose expects a vector of size 0. But input(1) is a vector of size 7
2026-05-04 18:55:49.314308: W tensorflow/core/framework/op_kernel.cc:1857] OP_REQUIRES failed at transpose_op.cc:142 : INVALID_ARGUMENT: transpose expects a vector of size 0. But input(1) is a vector of size 7
2026-05-04 18:55:49.855597: W tensorflow/core/framework/op_kernel.cc:1857] OP_REQUIRES failed at transpose_op.cc:142 : INVALID_ARGUMENT: transpose expects a vector of size 0. But input(1) is a vector of size 7
2026-05-04 18:57:15.434855: W tensorflow/core/framework/op_kernel.cc:1857] OP_REQUIRES failed at transpose_op.cc:142 : INVALID_ARGUMENT: transpose expects a vector of size 0. But input(1) is a vector of size 7
2026-05-04 18:57:15.974913: W tensorflow/core/framework/op_kernel.cc:1857] OP_REQUIRES failed at transpose_op.cc:142 : INVALID_ARGUMENT: transpose expects a vector of size 0. But input(1) is a vector of size 7
2026-05-04 18:57:16.513986: W tensorflow/core/framework/op_kernel.cc:1857] OP_REQUIRES failed at transpose_op.cc:142 : INVALID_ARGUMENT: transpose expects a vector of size 0. But input(1) is a vector of size 7
2026-05-04 18:57:17.076766: W tensorflow/core/framework/op_kernel.cc:1857] OP_REQUIRES failed at transpose_op.cc:142 : INVALID_ARGUMENT: transpose expects a vector of size 0. But input(1) is a vector of size 7
2026-05-04 18:57:17.608138: W tensorflow/core/framework/op_kernel.cc:1857] OP_REQUIRES failed at transpose_op.cc:142 : INVALID_ARGUMENT: transpose expects a vector of size 0. But input(1) is a vector of size 7
2026-05-04 18:57:18.141672: W tensorflow/core/framework/op_kernel.cc:1857] OP_REQUIRES failed at transpose_op.cc:142 : INVALID_ARGUMENT: transpose expects a vector of size 0. But input(1) is a vector of size 7
2026-05-04 18:57:18.675147: W tensorflow/core/framework/op_kernel.cc:1857] OP_REQUIRES failed at transpose_op.cc:142 : INVALID_ARGUMENT: transpose expects a vector of size 0. But input(1) is a vector of size 7
2026-05-04 18:57:19.211466: W tensorflow/core/framework/op_kernel.cc:1857] OP_REQUIRES failed at transpose_op.cc:142 : INVALID_ARGUMENT: transpose expects a vector of size 0. But input(1) is a vector of size 7
2026-05-04 18:57:19.759546: W tensorflow/core/framework/op_kernel.cc:1857] OP_REQUIRES failed at transpose_op.cc:142 : INVALID_ARGUMENT: transpose expects a vector of size 0. But input(1) is a vector of size 7
2026-05-04 18:57:20.300699: W tensorflow/core/framework/op_kernel.cc:1857] OP_REQUIRES failed at transpose_op.cc:142 : INVALID_ARGUMENT: transpose expects a vector of size 0. But input(1) is a vector of size 7
2026-05-04 18:57:20.849871: W tensorflow/core/framework/op_kernel.cc:1857] OP_REQUIRES failed at transpose_op.cc:142 : INVALID_ARGUMENT: transpose expects a vector of size 0. But input(1) is a vector of size 7
2026-05-04 18:57:21.401159: W tensorflow/core/framework/op_kernel.cc:1857] OP_REQUIRES failed at transpose_op.cc:142 : INVALID_ARGUMENT: transpose expects a vector of size 0. But input(1) is a vector of size 7
2026-05-04 18:57:21.945280: W tensorflow/core/framework/op_kernel.cc:1857] OP_REQUIRES failed at transpose_op.cc:142 : INVALID_ARGUMENT: transpose expects a vector of size 0. But input(1) is a vector of size 7
2026-05-04 18:57:22.512785: W tensorflow/core/framework/op_kernel.cc:1857] OP_REQUIRES failed at transpose_op.cc:142 : INVALID_ARGUMENT: transpose expects a vector of size 0. But input(1) is a vector of size 7
2026-05-04 18:57:23.056233: W tensorflow/core/framework/op_kernel.cc:1857] OP_REQUIRES failed at transpose_op.cc:142 : INVALID_ARGUMENT: transpose expects a vector of size 0. But input(1) is a vector of size 7
2026-05-04 18:57:23.607923: W tensorflow/core/framework/op_kernel.cc:1857] OP_REQUIRES failed at transpose_op.cc:142 : INVALID_ARGUMENT: transpose expects a vector of size 0. But input(1) is a vector of size 7
2026-05-04 18:57:24.153067: W tensorflow/core/framework/op_kernel.cc:1857] OP_REQUIRES failed at transpose_op.cc:142 : INVALID_ARGUMENT: transpose expects a vector of size 0. But input(1) is a vector of size 7
2026-05-04 18:57:24.697565: W tensorflow/core/framework/op_kernel.cc:1857] OP_REQUIRES failed at transpose_op.cc:142 : INVALID_ARGUMENT: transpose expects a vector of size 0. But input(1) is a vector of size 7
2026-05-04 18:57:25.240512: W tensorflow/core/framework/op_kernel.cc:1857] OP_REQUIRES failed at transpose_op.cc:142 : INVALID_ARGUMENT: transpose expects a vector of size 0. But input(1) is a vector of size 7
2026-05-04 18:57:25.783612: W tensorflow/core/framework/op_kernel.cc:1857] OP_REQUIRES failed at transpose_op.cc:142 : INVALID_ARGUMENT: transpose expects a vector of size 0. But input(1) is a vector of size 7
2026-05-04 18:57:26.327692: W tensorflow/core/framework/op_kernel.cc:1857] OP_REQUIRES failed at transpose_op.cc:142 : INVALID_ARGUMENT: transpose expects a vector of size 0. But input(1) is a vector of size 7
2026-05-04 18:57:26.871151: W tensorflow/core/framework/op_kernel.cc:1857] OP_REQUIRES failed at transpose_op.cc:142 : INVALID_ARGUMENT: transpose expects a vector of size 0. But input(1) is a vector of size 7
2026-05-04 18:57:27.425303: W tensorflow/core/framework/op_kernel.cc:1857] OP_REQUIRES failed at transpose_op.cc:142 : INVALID_ARGUMENT: transpose expects a vector of size 0. But input(1) is a vector of size 7
2026-05-04 18:57:27.962391: W tensorflow/core/framework/op_kernel.cc:1857] OP_REQUIRES failed at transpose_op.cc:142 : INVALID_ARGUMENT: transpose expects a vector of size 0. But input(1) is a vector of size 7
2026-05-04 18:57:28.504360: W tensorflow/core/framework/op_kernel.cc:1857] OP_REQUIRES failed at transpose_op.cc:142 : INVALID_ARGUMENT: transpose expects a vector of size 0. But input(1) is a vector of size 7
2026-05-04 18:57:29.046892: W tensorflow/core/framework/op_kernel.cc:1857] OP_REQUIRES failed at transpose_op.cc:142 : INVALID_ARGUMENT: transpose expects a vector of size 0. But input(1) is a vector of size 7
2026-05-04 18:57:29.591654: W tensorflow/core/framework/op_kernel.cc:1857] OP_REQUIRES failed at transpose_op.cc:142 : INVALID_ARGUMENT: transpose expects a vector of size 0. But input(1) is a vector of size 7
2026-05-04 18:57:30.128986: W tensorflow/core/framework/op_kernel.cc:1857] OP_REQUIRES failed at transpose_op.cc:142 : INVALID_ARGUMENT: transpose expects a vector of size 0. But input(1) is a vector of size 7
2026-05-04 18:57:30.664325: W tensorflow/core/framework/op_kernel.cc:1857] OP_REQUIRES failed at transpose_op.cc:142 : INVALID_ARGUMENT: transpose expects a vector of size 0. But input(1) is a vector of size 7
2026-05-04 18:57:31.211005: W tensorflow/core/framework/op_kernel.cc:1857] OP_REQUIRES failed at transpose_op.cc:142 : INVALID_ARGUMENT: transpose expects a vector of size 0. But input(1) is a vector of size 7
2026-05-04 18:57:31.752317: W tensorflow/core/framework/op_kernel.cc:1857] OP_REQUIRES failed at transpose_op.cc:142 : INVALID_ARGUMENT: transpose expects a vector of size 0. But input(1) is a vector of size 7
2026-05-04 18:57:32.290860: W tensorflow/core/framework/op_kernel.cc:1857] OP_REQUIRES failed at transpose_op.cc:142 : INVALID_ARGUMENT: transpose expects a vector of size 0. But input(1) is a vector of size 7
2026-05-04 18:58:57.882060: W tensorflow/core/framework/op_kernel.cc:1857] OP_REQUIRES failed at transpose_op.cc:142 : INVALID_ARGUMENT: transpose expects a vector of size 0. But input(1) is a vector of size 7
2026-05-04 18:58:58.415128: W tensorflow/core/framework/op_kernel.cc:1857] OP_REQUIRES failed at transpose_op.cc:142 : INVALID_ARGUMENT: transpose expects a vector of size 0. But input(1) is a vector of size 7
2026-05-04 18:58:58.946364: W tensorflow/core/framework/op_kernel.cc:1857] OP_REQUIRES failed at transpose_op.cc:142 : INVALID_ARGUMENT: transpose expects a vector of size 0. But input(1) is a vector of size 7
2026-05-04 18:58:59.478113: W tensorflow/core/framework/op_kernel.cc:1857] OP_REQUIRES failed at transpose_op.cc:142 : INVALID_ARGUMENT: transpose expects a vector of size 0. But input(1) is a vector of size 7
2026-05-04 18:59:00.015251: W tensorflow/core/framework/op_kernel.cc:1857] OP_REQUIRES failed at transpose_op.cc:142 : INVALID_ARGUMENT: transpose expects a vector of size 0. But input(1) is a vector of size 7
2026-05-04 18:59:00.549007: W tensorflow/core/framework/op_kernel.cc:1857] OP_REQUIRES failed at transpose_op.cc:142 : INVALID_ARGUMENT: transpose expects a vector of size 0. But input(1) is a vector of size 7
2026-05-04 18:59:01.085859: W tensorflow/core/framework/op_kernel.cc:1857] OP_REQUIRES failed at transpose_op.cc:142 : INVALID_ARGUMENT: transpose expects a vector of size 0. But input(1) is a vector of size 7
2026-05-04 18:59:01.623653: W tensorflow/core/framework/op_kernel.cc:1857] OP_REQUIRES failed at transpose_op.cc:142 : INVALID_ARGUMENT: transpose expects a vector of size 0. But input(1) is a vector of size 7
2026-05-04 18:59:02.161943: W tensorflow/core/framework/op_kernel.cc:1857] OP_REQUIRES failed at transpose_op.cc:142 : INVALID_ARGUMENT: transpose expects a vector of size 0. But input(1) is a vector of size 7
2026-05-04 18:59:02.702511: W tensorflow/core/framework/op_kernel.cc:1857] OP_REQUIRES failed at transpose_op.cc:142 : INVALID_ARGUMENT: transpose expects a vector of size 0. But input(1) is a vector of size 7
2026-05-04 18:59:03.241989: W tensorflow/core/framework/op_kernel.cc:1857] OP_REQUIRES failed at transpose_op.cc:142 : INVALID_ARGUMENT: transpose expects a vector of size 0. But input(1) is a vector of size 7
2026-05-04 18:59:03.782897: W tensorflow/core/framework/op_kernel.cc:1857] OP_REQUIRES failed at transpose_op.cc:142 : INVALID_ARGUMENT: transpose expects a vector of size 0. But input(1) is a vector of size 7
2026-05-04 18:59:04.316576: W tensorflow/core/framework/op_kernel.cc:1857] OP_REQUIRES failed at transpose_op.cc:142 : INVALID_ARGUMENT: transpose expects a vector of size 0. But input(1) is a vector of size 7
2026-05-04 18:59:04.856363: W tensorflow/core/framework/op_kernel.cc:1857] OP_REQUIRES failed at transpose_op.cc:142 : INVALID_ARGUMENT: transpose expects a vector of size 0. But input(1) is a vector of size 7
2026-05-04 18:59:05.396219: W tensorflow/core/framework/op_kernel.cc:1857] OP_REQUIRES failed at transpose_op.cc:142 : INVALID_ARGUMENT: transpose expects a vector of size 0. But input(1) is a vector of size 7
2026-05-04 18:59:05.934747: W tensorflow/core/framework/op_kernel.cc:1857] OP_REQUIRES failed at transpose_op.cc:142 : INVALID_ARGUMENT: transpose expects a vector of size 0. But input(1) is a vector of size 7
2026-05-04 18:59:06.473362: W tensorflow/core/framework/op_kernel.cc:1857] OP_REQUIRES failed at transpose_op.cc:142 : INVALID_ARGUMENT: transpose expects a vector of size 0. But input(1) is a vector of size 7
2026-05-04 18:59:07.015384: W tensorflow/core/framework/op_kernel.cc:1857] OP_REQUIRES failed at transpose_op.cc:142 : INVALID_ARGUMENT: transpose expects a vector of size 0. But input(1) is a vector of size 7
2026-05-04 18:59:07.563654: W tensorflow/core/framework/op_kernel.cc:1857] OP_REQUIRES failed at transpose_op.cc:142 : INVALID_ARGUMENT: transpose expects a vector of size 0. But input(1) is a vector of size 7
2026-05-04 18:59:08.102453: W tensorflow/core/framework/op_kernel.cc:1857] OP_REQUIRES failed at transpose_op.cc:142 : INVALID_ARGUMENT: transpose expects a vector of size 0. But input(1) is a vector of size 7
2026-05-04 18:59:08.642456: W tensorflow/core/framework/op_kernel.cc:1857] OP_REQUIRES failed at transpose_op.cc:142 : INVALID_ARGUMENT: transpose expects a vector of size 0. But input(1) is a vector of size 7
2026-05-04 18:59:09.181426: W tensorflow/core/framework/op_kernel.cc:1857] OP_REQUIRES failed at transpose_op.cc:142 : INVALID_ARGUMENT: transpose expects a vector of size 0. But input(1) is a vector of size 7
2026-05-04 18:59:09.720986: W tensorflow/core/framework/op_kernel.cc:1857] OP_REQUIRES failed at transpose_op.cc:142 : INVALID_ARGUMENT: transpose expects a vector of size 0. But input(1) is a vector of size 7
2026-05-04 18:59:10.265378: W tensorflow/core/framework/op_kernel.cc:1857] OP_REQUIRES failed at transpose_op.cc:142 : INVALID_ARGUMENT: transpose expects a vector of size 0. But input(1) is a vector of size 7
2026-05-04 18:59:10.804599: W tensorflow/core/framework/op_kernel.cc:1857] OP_REQUIRES failed at transpose_op.cc:142 : INVALID_ARGUMENT: transpose expects a vector of size 0. But input(1) is a vector of size 7
2026-05-04 18:59:11.343444: W tensorflow/core/framework/op_kernel.cc:1857] OP_REQUIRES failed at transpose_op.cc:142 : INVALID_ARGUMENT: transpose expects a vector of size 0. But input(1) is a vector of size 7
2026-05-04 18:59:11.876532: W tensorflow/core/framework/op_kernel.cc:1857] OP_REQUIRES failed at transpose_op.cc:142 : INVALID_ARGUMENT: transpose expects a vector of size 0. But input(1) is a vector of size 7
2026-05-04 18:59:12.412775: W tensorflow/core/framework/op_kernel.cc:1857] OP_REQUIRES failed at transpose_op.cc:142 : INVALID_ARGUMENT: transpose expects a vector of size 0. But input(1) is a vector of size 7
2026-05-04 18:59:12.949389: W tensorflow/core/framework/op_kernel.cc:1857] OP_REQUIRES failed at transpose_op.cc:142 : INVALID_ARGUMENT: transpose expects a vector of size 0. But input(1) is a vector of size 7
2026-05-04 18:59:13.484121: W tensorflow/core/framework/op_kernel.cc:1857] OP_REQUIRES failed at transpose_op.cc:142 : INVALID_ARGUMENT: transpose expects a vector of size 0. But input(1) is a vector of size 7
2026-05-04 18:59:14.019214: W tensorflow/core/framework/op_kernel.cc:1857] OP_REQUIRES failed at transpose_op.cc:142 : INVALID_ARGUMENT: transpose expects a vector of size 0. But input(1) is a vector of size 7
2026-05-04 18:59:14.555262: W tensorflow/core/framework/op_kernel.cc:1857] OP_REQUIRES failed at transpose_op.cc:142 : INVALID_ARGUMENT: transpose expects a vector of size 0. But input(1) is a vector of size 7
2026-05-04 19:00:40.274647: W tensorflow/core/framework/op_kernel.cc:1857] OP_REQUIRES failed at transpose_op.cc:142 : INVALID_ARGUMENT: transpose expects a vector of size 0. But input(1) is a vector of size 7
2026-05-04 19:00:40.829050: W tensorflow/core/framework/op_kernel.cc:1857] OP_REQUIRES failed at transpose_op.cc:142 : INVALID_ARGUMENT: transpose expects a vector of size 0. But input(1) is a vector of size 7
2026-05-04 19:00:41.370361: W tensorflow/core/framework/op_kernel.cc:1857] OP_REQUIRES failed at transpose_op.cc:142 : INVALID_ARGUMENT: transpose expects a vector of size 0. But input(1) is a vector of size 7
2026-05-04 19:00:41.913886: W tensorflow/core/framework/op_kernel.cc:1857] OP_REQUIRES failed at transpose_op.cc:142 : INVALID_ARGUMENT: transpose expects a vector of size 0. But input(1) is a vector of size 7
2026-05-04 19:00:42.455765: W tensorflow/core/framework/op_kernel.cc:1857] OP_REQUIRES failed at transpose_op.cc:142 : INVALID_ARGUMENT: transpose expects a vector of size 0. But input(1) is a vector of size 7
2026-05-04 19:00:42.990884: W tensorflow/core/framework/op_kernel.cc:1857] OP_REQUIRES failed at transpose_op.cc:142 : INVALID_ARGUMENT: transpose expects a vector of size 0. But input(1) is a vector of size 7
2026-05-04 19:00:43.524834: W tensorflow/core/framework/op_kernel.cc:1857] OP_REQUIRES failed at transpose_op.cc:142 : INVALID_ARGUMENT: transpose expects a vector of size 0. But input(1) is a vector of size 7
2026-05-04 19:00:44.057767: W tensorflow/core/framework/op_kernel.cc:1857] OP_REQUIRES failed at transpose_op.cc:142 : INVALID_ARGUMENT: transpose expects a vector of size 0. But input(1) is a vector of size 7
2026-05-04 19:00:44.589747: W tensorflow/core/framework/op_kernel.cc:1857] OP_REQUIRES failed at transpose_op.cc:142 : INVALID_ARGUMENT: transpose expects a vector of size 0. But input(1) is a vector of size 7
2026-05-04 19:00:45.130372: W tensorflow/core/framework/op_kernel.cc:1857] OP_REQUIRES failed at transpose_op.cc:142 : INVALID_ARGUMENT: transpose expects a vector of size 0. But input(1) is a vector of size 7
2026-05-04 19:00:45.664428: W tensorflow/core/framework/op_kernel.cc:1857] OP_REQUIRES failed at transpose_op.cc:142 : INVALID_ARGUMENT: transpose expects a vector of size 0. But input(1) is a vector of size 7
2026-05-04 19:00:46.200940: W tensorflow/core/framework/op_kernel.cc:1857] OP_REQUIRES failed at transpose_op.cc:142 : INVALID_ARGUMENT: transpose expects a vector of size 0. But input(1) is a vector of size 7
2026-05-04 19:00:46.734208: W tensorflow/core/framework/op_kernel.cc:1857] OP_REQUIRES failed at transpose_op.cc:142 : INVALID_ARGUMENT: transpose expects a vector of size 0. But input(1) is a vector of size 7
2026-05-04 19:00:47.274763: W tensorflow/core/framework/op_kernel.cc:1857] OP_REQUIRES failed at transpose_op.cc:142 : INVALID_ARGUMENT: transpose expects a vector of size 0. But input(1) is a vector of size 7
2026-05-04 19:00:47.815271: W tensorflow/core/framework/op_kernel.cc:1857] OP_REQUIRES failed at transpose_op.cc:142 : INVALID_ARGUMENT: transpose expects a vector of size 0. But input(1) is a vector of size 7
2026-05-04 19:00:48.357892: W tensorflow/core/framework/op_kernel.cc:1857] OP_REQUIRES failed at transpose_op.cc:142 : INVALID_ARGUMENT: transpose expects a vector of size 0. But input(1) is a vector of size 7
2026-05-04 19:00:48.896877: W tensorflow/core/framework/op_kernel.cc:1857] OP_REQUIRES failed at transpose_op.cc:142 : INVALID_ARGUMENT: transpose expects a vector of size 0. But input(1) is a vector of size 7
2026-05-04 19:00:49.438004: W tensorflow/core/framework/op_kernel.cc:1857] OP_REQUIRES failed at transpose_op.cc:142 : INVALID_ARGUMENT: transpose expects a vector of size 0. But input(1) is a vector of size 7
2026-05-04 19:00:49.986182: W tensorflow/core/framework/op_kernel.cc:1857] OP_REQUIRES failed at transpose_op.cc:142 : INVALID_ARGUMENT: transpose expects a vector of size 0. But input(1) is a vector of size 7
2026-05-04 19:00:50.521697: W tensorflow/core/framework/op_kernel.cc:1857] OP_REQUIRES failed at transpose_op.cc:142 : INVALID_ARGUMENT: transpose expects a vector of size 0. But input(1) is a vector of size 7
2026-05-04 19:00:51.051454: W tensorflow/core/framework/op_kernel.cc:1857] OP_REQUIRES failed at transpose_op.cc:142 : INVALID_ARGUMENT: transpose expects a vector of size 0. But input(1) is a vector of size 7
2026-05-04 19:00:51.587727: W tensorflow/core/framework/op_kernel.cc:1857] OP_REQUIRES failed at transpose_op.cc:142 : INVALID_ARGUMENT: transpose expects a vector of size 0. But input(1) is a vector of size 7
2026-05-04 19:00:52.130650: W tensorflow/core/framework/op_kernel.cc:1857] OP_REQUIRES failed at transpose_op.cc:142 : INVALID_ARGUMENT: transpose expects a vector of size 0. But input(1) is a vector of size 7
2026-05-04 19:00:52.669260: W tensorflow/core/framework/op_kernel.cc:1857] OP_REQUIRES failed at transpose_op.cc:142 : INVALID_ARGUMENT: transpose expects a vector of size 0. But input(1) is a vector of size 7
2026-05-04 19:00:53.208837: W tensorflow/core/framework/op_kernel.cc:1857] OP_REQUIRES failed at transpose_op.cc:142 : INVALID_ARGUMENT: transpose expects a vector of size 0. But input(1) is a vector of size 7
2026-05-04 19:00:53.750837: W tensorflow/core/framework/op_kernel.cc:1857] OP_REQUIRES failed at transpose_op.cc:142 : INVALID_ARGUMENT: transpose expects a vector of size 0. But input(1) is a vector of size 7
2026-05-04 19:00:54.293833: W tensorflow/core/framework/op_kernel.cc:1857] OP_REQUIRES failed at transpose_op.cc:142 : INVALID_ARGUMENT: transpose expects a vector of size 0. But input(1) is a vector of size 7
2026-05-04 19:00:54.832359: W tensorflow/core/framework/op_kernel.cc:1857] OP_REQUIRES failed at transpose_op.cc:142 : INVALID_ARGUMENT: transpose expects a vector of size 0. But input(1) is a vector of size 7
2026-05-04 19:00:55.372843: W tensorflow/core/framework/op_kernel.cc:1857] OP_REQUIRES failed at transpose_op.cc:142 : INVALID_ARGUMENT: transpose expects a vector of size 0. But input(1) is a vector of size 7
2026-05-04 19:00:55.917946: W tensorflow/core/framework/op_kernel.cc:1857] OP_REQUIRES failed at transpose_op.cc:142 : INVALID_ARGUMENT: transpose expects a vector of size 0. But input(1) is a vector of size 7
2026-05-04 19:00:56.450340: W tensorflow/core/framework/op_kernel.cc:1857] OP_REQUIRES failed at transpose_op.cc:142 : INVALID_ARGUMENT: transpose expects a vector of size 0. But input(1) is a vector of size 7
2026-05-04 19:00:56.983831: W tensorflow/core/framework/op_kernel.cc:1857] OP_REQUIRES failed at transpose_op.cc:142 : INVALID_ARGUMENT: transpose expects a vector of size 0. But input(1) is a vector of size 7
2026-05-04 19:02:23.354415: W tensorflow/core/framework/op_kernel.cc:1857] OP_REQUIRES failed at transpose_op.cc:142 : INVALID_ARGUMENT: transpose expects a vector of size 0. But input(1) is a vector of size 7
2026-05-04 19:02:23.895521: W tensorflow/core/framework/op_kernel.cc:1857] OP_REQUIRES failed at transpose_op.cc:142 : INVALID_ARGUMENT: transpose expects a vector of size 0. But input(1) is a vector of size 7
2026-05-04 19:02:24.435891: W tensorflow/core/framework/op_kernel.cc:1857] OP_REQUIRES failed at transpose_op.cc:142 : INVALID_ARGUMENT: transpose expects a vector of size 0. But input(1) is a vector of size 7
2026-05-04 19:02:24.968058: W tensorflow/core/framework/op_kernel.cc:1857] OP_REQUIRES failed at transpose_op.cc:142 : INVALID_ARGUMENT: transpose expects a vector of size 0. But input(1) is a vector of size 7
2026-05-04 19:02:25.495669: W tensorflow/core/framework/op_kernel.cc:1857] OP_REQUIRES failed at transpose_op.cc:142 : INVALID_ARGUMENT: transpose expects a vector of size 0. But input(1) is a vector of size 7
2026-05-04 19:02:26.025656: W tensorflow/core/framework/op_kernel.cc:1857] OP_REQUIRES failed at transpose_op.cc:142 : INVALID_ARGUMENT: transpose expects a vector of size 0. But input(1) is a vector of size 7
2026-05-04 19:02:26.553978: W tensorflow/core/framework/op_kernel.cc:1857] OP_REQUIRES failed at transpose_op.cc:142 : INVALID_ARGUMENT: transpose expects a vector of size 0. But input(1) is a vector of size 7
2026-05-04 19:02:27.100513: W tensorflow/core/framework/op_kernel.cc:1857] OP_REQUIRES failed at transpose_op.cc:142 : INVALID_ARGUMENT: transpose expects a vector of size 0. But input(1) is a vector of size 7
2026-05-04 19:02:27.631273: W tensorflow/core/framework/op_kernel.cc:1857] OP_REQUIRES failed at transpose_op.cc:142 : INVALID_ARGUMENT: transpose expects a vector of size 0. But input(1) is a vector of size 7
2026-05-04 19:02:28.158653: W tensorflow/core/framework/op_kernel.cc:1857] OP_REQUIRES failed at transpose_op.cc:142 : INVALID_ARGUMENT: transpose expects a vector of size 0. But input(1) is a vector of size 7
2026-05-04 19:02:28.689151: W tensorflow/core/framework/op_kernel.cc:1857] OP_REQUIRES failed at transpose_op.cc:142 : INVALID_ARGUMENT: transpose expects a vector of size 0. But input(1) is a vector of size 7
2026-05-04 19:02:29.221884: W tensorflow/core/framework/op_kernel.cc:1857] OP_REQUIRES failed at transpose_op.cc:142 : INVALID_ARGUMENT: transpose expects a vector of size 0. But input(1) is a vector of size 7
2026-05-04 19:02:29.751603: W tensorflow/core/framework/op_kernel.cc:1857] OP_REQUIRES failed at transpose_op.cc:142 : INVALID_ARGUMENT: transpose expects a vector of size 0. But input(1) is a vector of size 7
2026-05-04 19:02:30.280689: W tensorflow/core/framework/op_kernel.cc:1857] OP_REQUIRES failed at transpose_op.cc:142 : INVALID_ARGUMENT: transpose expects a vector of size 0. But input(1) is a vector of size 7
2026-05-04 19:02:30.813583: W tensorflow/core/framework/op_kernel.cc:1857] OP_REQUIRES failed at transpose_op.cc:142 : INVALID_ARGUMENT: transpose expects a vector of size 0. But input(1) is a vector of size 7
2026-05-04 19:02:31.348180: W tensorflow/core/framework/op_kernel.cc:1857] OP_REQUIRES failed at transpose_op.cc:142 : INVALID_ARGUMENT: transpose expects a vector of size 0. But input(1) is a vector of size 7
2026-05-04 19:02:31.894103: W tensorflow/core/framework/op_kernel.cc:1857] OP_REQUIRES failed at transpose_op.cc:142 : INVALID_ARGUMENT: transpose expects a vector of size 0. But input(1) is a vector of size 7
2026-05-04 19:02:32.433437: W tensorflow/core/framework/op_kernel.cc:1857] OP_REQUIRES failed at transpose_op.cc:142 : INVALID_ARGUMENT: transpose expects a vector of size 0. But input(1) is a vector of size 7
2026-05-04 19:02:32.975177: W tensorflow/core/framework/op_kernel.cc:1857] OP_REQUIRES failed at transpose_op.cc:142 : INVALID_ARGUMENT: transpose expects a vector of size 0. But input(1) is a vector of size 7
2026-05-04 19:02:33.516740: W tensorflow/core/framework/op_kernel.cc:1857] OP_REQUIRES failed at transpose_op.cc:142 : INVALID_ARGUMENT: transpose expects a vector of size 0. But input(1) is a vector of size 7
2026-05-04 19:02:34.061747: W tensorflow/core/framework/op_kernel.cc:1857] OP_REQUIRES failed at transpose_op.cc:142 : INVALID_ARGUMENT: transpose expects a vector of size 0. But input(1) is a vector of size 7
2026-05-04 19:02:34.608048: W tensorflow/core/framework/op_kernel.cc:1857] OP_REQUIRES failed at transpose_op.cc:142 : INVALID_ARGUMENT: transpose expects a vector of size 0. But input(1) is a vector of size 7
2026-05-04 19:02:35.148535: W tensorflow/core/framework/op_kernel.cc:1857] OP_REQUIRES failed at transpose_op.cc:142 : INVALID_ARGUMENT: transpose expects a vector of size 0. But input(1) is a vector of size 7
2026-05-04 19:02:35.691817: W tensorflow/core/framework/op_kernel.cc:1857] OP_REQUIRES failed at transpose_op.cc:142 : INVALID_ARGUMENT: transpose expects a vector of size 0. But input(1) is a vector of size 7
2026-05-04 19:02:36.240071: W tensorflow/core/framework/op_kernel.cc:1857] OP_REQUIRES failed at transpose_op.cc:142 : INVALID_ARGUMENT: transpose expects a vector of size 0. But input(1) is a vector of size 7
2026-05-04 19:02:36.783233: W tensorflow/core/framework/op_kernel.cc:1857] OP_REQUIRES failed at transpose_op.cc:142 : INVALID_ARGUMENT: transpose expects a vector of size 0. But input(1) is a vector of size 7
2026-05-04 19:02:37.324928: W tensorflow/core/framework/op_kernel.cc:1857] OP_REQUIRES failed at transpose_op.cc:142 : INVALID_ARGUMENT: transpose expects a vector of size 0. But input(1) is a vector of size 7
2026-05-04 19:02:37.873357: W tensorflow/core/framework/op_kernel.cc:1857] OP_REQUIRES failed at transpose_op.cc:142 : INVALID_ARGUMENT: transpose expects a vector of size 0. But input(1) is a vector of size 7
2026-05-04 19:02:38.421342: W tensorflow/core/framework/op_kernel.cc:1857] OP_REQUIRES failed at transpose_op.cc:142 : INVALID_ARGUMENT: transpose expects a vector of size 0. But input(1) is a vector of size 7
2026-05-04 19:02:38.957804: W tensorflow/core/framework/op_kernel.cc:1857] OP_REQUIRES failed at transpose_op.cc:142 : INVALID_ARGUMENT: transpose expects a vector of size 0. But input(1) is a vector of size 7
2026-05-04 19:02:39.495957: W tensorflow/core/framework/op_kernel.cc:1857] OP_REQUIRES failed at transpose_op.cc:142 : INVALID_ARGUMENT: transpose expects a vector of size 0. But input(1) is a vector of size 7
2026-05-04 19:02:40.030680: W tensorflow/core/framework/op_kernel.cc:1857] OP_REQUIRES failed at transpose_op.cc:142 : INVALID_ARGUMENT: transpose expects a vector of size 0. But input(1) is a vector of size 7
2026-05-04 19:04:05.061713: W tensorflow/core/framework/op_kernel.cc:1857] OP_REQUIRES failed at transpose_op.cc:142 : INVALID_ARGUMENT: transpose expects a vector of size 0. But input(1) is a vector of size 7
2026-05-04 19:04:05.595581: W tensorflow/core/framework/op_kernel.cc:1857] OP_REQUIRES failed at transpose_op.cc:142 : INVALID_ARGUMENT: transpose expects a vector of size 0. But input(1) is a vector of size 7
2026-05-04 19:04:06.137035: W tensorflow/core/framework/op_kernel.cc:1857] OP_REQUIRES failed at transpose_op.cc:142 : INVALID_ARGUMENT: transpose expects a vector of size 0. But input(1) is a vector of size 7
2026-05-04 19:04:06.673182: W tensorflow/core/framework/op_kernel.cc:1857] OP_REQUIRES failed at transpose_op.cc:142 : INVALID_ARGUMENT: transpose expects a vector of size 0. But input(1) is a vector of size 7
2026-05-04 19:04:07.207335: W tensorflow/core/framework/op_kernel.cc:1857] OP_REQUIRES failed at transpose_op.cc:142 : INVALID_ARGUMENT: transpose expects a vector of size 0. But input(1) is a vector of size 7
2026-05-04 19:04:07.740202: W tensorflow/core/framework/op_kernel.cc:1857] OP_REQUIRES failed at transpose_op.cc:142 : INVALID_ARGUMENT: transpose expects a vector of size 0. But input(1) is a vector of size 7
2026-05-04 19:04:08.276667: W tensorflow/core/framework/op_kernel.cc:1857] OP_REQUIRES failed at transpose_op.cc:142 : INVALID_ARGUMENT: transpose expects a vector of size 0. But input(1) is a vector of size 7
2026-05-04 19:04:08.816283: W tensorflow/core/framework/op_kernel.cc:1857] OP_REQUIRES failed at transpose_op.cc:142 : INVALID_ARGUMENT: transpose expects a vector of size 0. But input(1) is a vector of size 7
2026-05-04 19:04:09.353721: W tensorflow/core/framework/op_kernel.cc:1857] OP_REQUIRES failed at transpose_op.cc:142 : INVALID_ARGUMENT: transpose expects a vector of size 0. But input(1) is a vector of size 7
2026-05-04 19:04:09.892151: W tensorflow/core/framework/op_kernel.cc:1857] OP_REQUIRES failed at transpose_op.cc:142 : INVALID_ARGUMENT: transpose expects a vector of size 0. But input(1) is a vector of size 7
2026-05-04 19:04:10.429709: W tensorflow/core/framework/op_kernel.cc:1857] OP_REQUIRES failed at transpose_op.cc:142 : INVALID_ARGUMENT: transpose expects a vector of size 0. But input(1) is a vector of size 7
2026-05-04 19:04:10.964686: W tensorflow/core/framework/op_kernel.cc:1857] OP_REQUIRES failed at transpose_op.cc:142 : INVALID_ARGUMENT: transpose expects a vector of size 0. But input(1) is a vector of size 7
2026-05-04 19:04:11.496239: W tensorflow/core/framework/op_kernel.cc:1857] OP_REQUIRES failed at transpose_op.cc:142 : INVALID_ARGUMENT: transpose expects a vector of size 0. But input(1) is a vector of size 7
2026-05-04 19:04:12.027319: W tensorflow/core/framework/op_kernel.cc:1857] OP_REQUIRES failed at transpose_op.cc:142 : INVALID_ARGUMENT: transpose expects a vector of size 0. But input(1) is a vector of size 7
2026-05-04 19:04:12.562823: W tensorflow/core/framework/op_kernel.cc:1857] OP_REQUIRES failed at transpose_op.cc:142 : INVALID_ARGUMENT: transpose expects a vector of size 0. But input(1) is a vector of size 7
2026-05-04 19:04:13.095760: W tensorflow/core/framework/op_kernel.cc:1857] OP_REQUIRES failed at transpose_op.cc:142 : INVALID_ARGUMENT: transpose expects a vector of size 0. But input(1) is a vector of size 7
2026-05-04 19:04:13.625816: W tensorflow/core/framework/op_kernel.cc:1857] OP_REQUIRES failed at transpose_op.cc:142 : INVALID_ARGUMENT: transpose expects a vector of size 0. But input(1) is a vector of size 7
2026-05-04 19:04:14.154390: W tensorflow/core/framework/op_kernel.cc:1857] OP_REQUIRES failed at transpose_op.cc:142 : INVALID_ARGUMENT: transpose expects a vector of size 0. But input(1) is a vector of size 7
2026-05-04 19:04:14.685401: W tensorflow/core/framework/op_kernel.cc:1857] OP_REQUIRES failed at transpose_op.cc:142 : INVALID_ARGUMENT: transpose expects a vector of size 0. But input(1) is a vector of size 7
2026-05-04 19:04:15.215659: W tensorflow/core/framework/op_kernel.cc:1857] OP_REQUIRES failed at transpose_op.cc:142 : INVALID_ARGUMENT: transpose expects a vector of size 0. But input(1) is a vector of size 7
2026-05-04 19:04:15.750862: W tensorflow/core/framework/op_kernel.cc:1857] OP_REQUIRES failed at transpose_op.cc:142 : INVALID_ARGUMENT: transpose expects a vector of size 0. But input(1) is a vector of size 7
2026-05-04 19:04:16.281348: W tensorflow/core/framework/op_kernel.cc:1857] OP_REQUIRES failed at transpose_op.cc:142 : INVALID_ARGUMENT: transpose expects a vector of size 0. But input(1) is a vector of size 7
2026-05-04 19:04:16.811611: W tensorflow/core/framework/op_kernel.cc:1857] OP_REQUIRES failed at transpose_op.cc:142 : INVALID_ARGUMENT: transpose expects a vector of size 0. But input(1) is a vector of size 7
2026-05-04 19:04:17.349177: W tensorflow/core/framework/op_kernel.cc:1857] OP_REQUIRES failed at transpose_op.cc:142 : INVALID_ARGUMENT: transpose expects a vector of size 0. But input(1) is a vector of size 7
2026-05-04 19:04:17.901000: W tensorflow/core/framework/op_kernel.cc:1857] OP_REQUIRES failed at transpose_op.cc:142 : INVALID_ARGUMENT: transpose expects a vector of size 0. But input(1) is a vector of size 7
2026-05-04 19:04:18.446173: W tensorflow/core/framework/op_kernel.cc:1857] OP_REQUIRES failed at transpose_op.cc:142 : INVALID_ARGUMENT: transpose expects a vector of size 0. But input(1) is a vector of size 7
2026-05-04 19:04:18.985427: W tensorflow/core/framework/op_kernel.cc:1857] OP_REQUIRES failed at transpose_op.cc:142 : INVALID_ARGUMENT: transpose expects a vector of size 0. But input(1) is a vector of size 7
2026-05-04 19:04:19.518251: W tensorflow/core/framework/op_kernel.cc:1857] OP_REQUIRES failed at transpose_op.cc:142 : INVALID_ARGUMENT: transpose expects a vector of size 0. But input(1) is a vector of size 7
2026-05-04 19:04:20.051168: W tensorflow/core/framework/op_kernel.cc:1857] OP_REQUIRES failed at transpose_op.cc:142 : INVALID_ARGUMENT: transpose expects a vector of size 0. But input(1) is a vector of size 7
2026-05-04 19:04:20.584017: W tensorflow/core/framework/op_kernel.cc:1857] OP_REQUIRES failed at transpose_op.cc:142 : INVALID_ARGUMENT: transpose expects a vector of size 0. But input(1) is a vector of size 7
2026-05-04 19:04:21.116297: W tensorflow/core/framework/op_kernel.cc:1857] OP_REQUIRES failed at transpose_op.cc:142 : INVALID_ARGUMENT: transpose expects a vector of size 0. But input(1) is a vector of size 7
2026-05-04 19:04:21.656559: W tensorflow/core/framework/op_kernel.cc:1857] OP_REQUIRES failed at transpose_op.cc:142 : INVALID_ARGUMENT: transpose expects a vector of size 0. But input(1) is a vector of size 7
2026-05-04 19:05:46.821238: W tensorflow/core/framework/op_kernel.cc:1857] OP_REQUIRES failed at transpose_op.cc:142 : INVALID_ARGUMENT: transpose expects a vector of size 0. But input(1) is a vector of size 7
2026-05-04 19:05:47.353519: W tensorflow/core/framework/op_kernel.cc:1857] OP_REQUIRES failed at transpose_op.cc:142 : INVALID_ARGUMENT: transpose expects a vector of size 0. But input(1) is a vector of size 7
2026-05-04 19:05:47.888354: W tensorflow/core/framework/op_kernel.cc:1857] OP_REQUIRES failed at transpose_op.cc:142 : INVALID_ARGUMENT: transpose expects a vector of size 0. But input(1) is a vector of size 7
2026-05-04 19:05:48.427634: W tensorflow/core/framework/op_kernel.cc:1857] OP_REQUIRES failed at transpose_op.cc:142 : INVALID_ARGUMENT: transpose expects a vector of size 0. But input(1) is a vector of size 7
2026-05-04 19:05:48.960436: W tensorflow/core/framework/op_kernel.cc:1857] OP_REQUIRES failed at transpose_op.cc:142 : INVALID_ARGUMENT: transpose expects a vector of size 0. But input(1) is a vector of size 7
2026-05-04 19:05:49.492089: W tensorflow/core/framework/op_kernel.cc:1857] OP_REQUIRES failed at transpose_op.cc:142 : INVALID_ARGUMENT: transpose expects a vector of size 0. But input(1) is a vector of size 7
2026-05-04 19:05:50.018259: W tensorflow/core/framework/op_kernel.cc:1857] OP_REQUIRES failed at transpose_op.cc:142 : INVALID_ARGUMENT: transpose expects a vector of size 0. But input(1) is a vector of size 7
2026-05-04 19:05:50.545091: W tensorflow/core/framework/op_kernel.cc:1857] OP_REQUIRES failed at transpose_op.cc:142 : INVALID_ARGUMENT: transpose expects a vector of size 0. But input(1) is a vector of size 7
2026-05-04 19:05:51.072809: W tensorflow/core/framework/op_kernel.cc:1857] OP_REQUIRES failed at transpose_op.cc:142 : INVALID_ARGUMENT: transpose expects a vector of size 0. But input(1) is a vector of size 7
2026-05-04 19:05:51.607062: W tensorflow/core/framework/op_kernel.cc:1857] OP_REQUIRES failed at transpose_op.cc:142 : INVALID_ARGUMENT: transpose expects a vector of size 0. But input(1) is a vector of size 7
2026-05-04 19:05:52.150854: W tensorflow/core/framework/op_kernel.cc:1857] OP_REQUIRES failed at transpose_op.cc:142 : INVALID_ARGUMENT: transpose expects a vector of size 0. But input(1) is a vector of size 7
2026-05-04 19:05:52.687964: W tensorflow/core/framework/op_kernel.cc:1857] OP_REQUIRES failed at transpose_op.cc:142 : INVALID_ARGUMENT: transpose expects a vector of size 0. But input(1) is a vector of size 7
2026-05-04 19:05:53.219494: W tensorflow/core/framework/op_kernel.cc:1857] OP_REQUIRES failed at transpose_op.cc:142 : INVALID_ARGUMENT: transpose expects a vector of size 0. But input(1) is a vector of size 7
2026-05-04 19:05:53.751298: W tensorflow/core/framework/op_kernel.cc:1857] OP_REQUIRES failed at transpose_op.cc:142 : INVALID_ARGUMENT: transpose expects a vector of size 0. But input(1) is a vector of size 7
2026-05-04 19:05:54.282526: W tensorflow/core/framework/op_kernel.cc:1857] OP_REQUIRES failed at transpose_op.cc:142 : INVALID_ARGUMENT: transpose expects a vector of size 0. But input(1) is a vector of size 7
2026-05-04 19:05:54.809813: W tensorflow/core/framework/op_kernel.cc:1857] OP_REQUIRES failed at transpose_op.cc:142 : INVALID_ARGUMENT: transpose expects a vector of size 0. But input(1) is a vector of size 7
slurmstepd: error: *** JOB 60384431 ON ng30709 CANCELLED AT 2026-05-04T23:05:55 ***
[SLURM] received pre-timeout signal; forwarding TERM to Python worker 2782507
2026-05-04 19:05:55.345254: W tensorflow/core/framework/op_kernel.cc:1857] OP_REQUIRES failed at transpose_op.cc:142 : INVALID_ARGUMENT: transpose expects a vector of size 0. But input(1) is a vector of size 7
2026-05-04 19:05:55.891751: W tensorflow/core/framework/op_kernel.cc:1857] OP_REQUIRES failed at transpose_op.cc:142 : INVALID_ARGUMENT: transpose expects a vector of size 0. But input(1) is a vector of size 7
2026-05-04 19:05:56.434855: W tensorflow/core/framework/op_kernel.cc:1857] OP_REQUIRES failed at transpose_op.cc:142 : INVALID_ARGUMENT: transpose expects a vector of size 0. But input(1) is a vector of size 7
2026-05-04 19:05:56.973852: W tensorflow/core/framework/op_kernel.cc:1857] OP_REQUIRES failed at transpose_op.cc:142 : INVALID_ARGUMENT: transpose expects a vector of size 0. But input(1) is a vector of size 7
2026-05-04 19:05:57.515352: W tensorflow/core/framework/op_kernel.cc:1857] OP_REQUIRES failed at transpose_op.cc:142 : INVALID_ARGUMENT: transpose expects a vector of size 0. But input(1) is a vector of size 7
2026-05-04 19:05:58.056124: W tensorflow/core/framework/op_kernel.cc:1857] OP_REQUIRES failed at transpose_op.cc:142 : INVALID_ARGUMENT: transpose expects a vector of size 0. But input(1) is a vector of size 7
2026-05-04 19:05:58.597653: W tensorflow/core/framework/op_kernel.cc:1857] OP_REQUIRES failed at transpose_op.cc:142 : INVALID_ARGUMENT: transpose expects a vector of size 0. But input(1) is a vector of size 7
2026-05-04 19:05:59.126192: W tensorflow/core/framework/op_kernel.cc:1857] OP_REQUIRES failed at transpose_op.cc:142 : INVALID_ARGUMENT: transpose expects a vector of size 0. But input(1) is a vector of size 7
2026-05-04 19:05:59.660233: W tensorflow/core/framework/op_kernel.cc:1857] OP_REQUIRES failed at transpose_op.cc:142 : INVALID_ARGUMENT: transpose expects a vector of size 0. But input(1) is a vector of size 7
2026-05-04 19:06:00.192066: W tensorflow/core/framework/op_kernel.cc:1857] OP_REQUIRES failed at transpose_op.cc:142 : INVALID_ARGUMENT: transpose expects a vector of size 0. But input(1) is a vector of size 7
2026-05-04 19:06:00.727149: W tensorflow/core/framework/op_kernel.cc:1857] OP_REQUIRES failed at transpose_op.cc:142 : INVALID_ARGUMENT: transpose expects a vector of size 0. But input(1) is a vector of size 7
2026-05-04 19:06:01.268481: W tensorflow/core/framework/op_kernel.cc:1857] OP_REQUIRES failed at transpose_op.cc:142 : INVALID_ARGUMENT: transpose expects a vector of size 0. But input(1) is a vector of size 7
2026-05-04 19:06:01.804375: W tensorflow/core/framework/op_kernel.cc:1857] OP_REQUIRES failed at transpose_op.cc:142 : INVALID_ARGUMENT: transpose expects a vector of size 0. But input(1) is a vector of size 7
2026-05-04 19:06:02.340634: W tensorflow/core/framework/op_kernel.cc:1857] OP_REQUIRES failed at transpose_op.cc:142 : INVALID_ARGUMENT: transpose expects a vector of size 0. But input(1) is a vector of size 7
2026-05-04 19:06:02.882161: W tensorflow/core/framework/op_kernel.cc:1857] OP_REQUIRES failed at transpose_op.cc:142 : INVALID_ARGUMENT: transpose expects a vector of size 0. But input(1) is a vector of size 7
2026-05-04 19:06:03.413487: W tensorflow/core/framework/op_kernel.cc:1857] OP_REQUIRES failed at transpose_op.cc:142 : INVALID_ARGUMENT: transpose expects a vector of size 0. But input(1) is a vector of size 7
Evaluation stopped after saving resumable state. Resubmit the same Slurm array task to continue from the saved evaluation state.
